ID_Pedido,Valor_Frete_BRL,Tempo_Entrega_Horas,Qtd_Itens_Pacote,Status_Atraso,Regiao_Destino
1,11.35,35.0,2,0,Sul
2,22.71,22.6,2,1,Leste
3,21.33,27.5,3,0,Oeste
4,19.91,27.9,7,0,Sul
5,28.13,10.0,2,0,Oeste
6,26.05,72.1,1,0,Norte
7,31.29,6.6,2,0,Leste
8,21.45,16.8,2,0,Leste
9,29.82,23.4,1,0,Sul
10,25.06,184.0,2,0,Leste
11,29.77,30.5,2,0,Sul
12,24.38,42.7,5,1,Leste
13,39.22,16.4,7,0,Leste
14,5.47,66.4,2,0,Leste
15,30.0,351.3,2,0,Sul
16,31.85,49.1,2,0,Sul
17,14.87,25.3,3,0,Norte
18,39.6,6.5,1,0,Sul
19,25.18,57.7,6,0,Leste
20,24.0,15.0,3,0,Oeste
21,27.97,18.1,3,0,Leste
22,32.1,69.8,2,0,Leste
23,26.06,22.7,2,0,Oeste
24,25.81,30.7,2,0,Leste
25,31.7,60.3,7,0,Oeste
26,32.75,18.8,3,0,Leste
27,27.69,11.8,2,0,Sul
28,12.62,48.0,1,0,Norte
29,16.85,60.6,5,0,Leste
30,33.68,20.9,1,0,Sul
31,22.78,20.1,5,0,Sul
32,20.21,13.7,2,0,Leste
33,28.52,58.6,4,0,Leste
34,27.53,153.7,3,1,Leste
35,23.25,69.8,3,1,Sul
36,30.95,30.8,4,0,Sul
37,14.86,58.7,2,0,Leste
38,11.14,17.0,2,0,Oeste
39,37.02,44.5,2,0,Leste
40,16.02,13.9,3,0,Oeste
41,13.2,30.0,2,0,Leste
42,22.39,78.3,2,0,Leste
43,692.95,63.4,2,0,Sul
44,21.17,52.2,4,1,Leste
45,23.17,46.2,7,0,Leste
46,13.63,18.4,3,0,Leste
47,30.71,37.1,1,0,Leste
48,12.76,62.0,1,0,Leste
49,25.18,27.3,4,0,Sul
50,26.87,28.1,4,0,Leste
51,30.19,22.7,5,1,Sul
52,26.82,26.4,3,0,Leste
53,16.29,17.8,1,1,Sul
54,21.71,33.8,3,1,Norte
55,19.37,25.6,4,0,Leste
56,12.42,10.2,3,1,Leste
57,28.48,265.3,2,0,Leste
58,18.95,14.4,3,0,Sul
59,26.19,29.7,3,0,Leste
60,24.11,34.8,2,0,Sul
61,15.91,21.6,2,0,Oeste
62,15.38,30.8,5,0,Oeste
63,22.32,17.2,3,0,Leste
64,14.49,59.2,5,0,Sul
65,32.91,32.5,2,0,Leste
66,35.76,58.8,2,0,Norte
67,31.26,107.3,4,0,Leste
68,27.79,26.4,3,0,Sul
69,25.49,61.5,2,0,Oeste
70,16.62,113.2,2,1,Norte
71,31.62,30.0,2,0,Leste
72,35.97,57.6,2,0,Leste
73,22.28,22.8,1,0,Leste
74,24.71,86.3,4,0,Norte
75,18.54,22.2,5,0,Oeste
76,22.35,58.1,2,0,Leste
77,14.94,73.4,4,0,Leste
78,22.69,12.9,1,0,Sul
79,28.46,19.4,4,0,Leste
80,27.6,18.8,2,0,Leste
81,27.01,78.6,3,0,Norte
82,5.47,12.9,4,0,Sul
83,25.38,43.0,3,0,Leste
84,29.91,59.2,2,0,Sul
85,24.93,37.9,2,0,Sul
86,34.08,91.8,3,0,Leste
87,24.2,7.1,2,0,Leste
88,28.18,53.9,3,0,Norte
89,16.98,28.6,3,1,Leste
90,29.69,9.9,4,0,Sul
91,31.29,13.9,6,0,Norte
92,19.29,115.8,3,0,Norte
93,13.56,54.9,3,0,Leste
94,21.39,62.9,2,0,Sul
95,17.01,71.3,5,0,Norte
96,29.79,11.2,3,0,Leste
97,21.09,40.3,3,0,Leste
98,30.75,79.7,1,0,Sul
99,12.49,24.0,2,0,Leste
100,18.37,98.5,2,0,Norte
101,18.89,20.3,2,0,Leste
102,27.21,36.6,3,0,Leste
103,8.39,45.5,4,0,Leste
104,22.8,60.6,4,0,Sul
105,22.08,26.3,5,1,Sul
106,27.89,74.4,4,0,Sul
107,25.4,46.6,2,0,Sul
108,17.36,8.9,4,0,Norte
109,1272.63,143.9,2,0,Leste
110,18.83,15.4,3,0,Oeste
111,14.87,153.7,1,0,Oeste
112,15.33,29.2,2,0,Oeste
113,19.12,25.2,2,1,Leste
114,31.54,45.6,5,0,Leste
115,14.85,18.9,2,0,Sul
116,10.16,7.3,3,0,Leste
117,20.36,30.3,3,0,Leste
118,22.77,44.7,2,0,Leste
119,22.24,113.3,4,1,Leste
120,19.72,12.8,5,0,Sul
121,23.04,52.7,1,0,Sul
122,26.72,30.5,3,1,Oeste
123,18.02,34.0,3,0,Norte
124,33.02,72.1,6,0,Leste
125,23.54,22.0,3,0,Oeste
126,32.84,37.9,3,0,Leste
127,27.11,79.2,5,0,Leste
128,14.92,75.5,2,0,Sul
129,9.36,12.5,5,0,Sul
130,33.52,20.3,4,0,Oeste
131,17.7,29.5,7,0,Leste
132,24.22,63.5,1,0,Leste
133,20.18,27.1,4,0,Norte
134,35.74,35.4,2,0,Norte
135,24.4,90.0,2,1,Oeste
136,13.96,25.3,3,0,Sul
137,22.89,107.6,3,0,Leste
138,34.0,9.2,2,0,Norte
139,18.04,24.2,3,0,Leste
140,12.51,11.1,4,1,Oeste
141,30.84,36.4,3,1,Leste
142,17.17,60.4,3,0,Sul
143,11.4,29.1,5,0,Leste
144,17.44,22.7,2,0,Leste
145,26.78,11.2,1,0,Leste
146,28.09,127.1,4,0,Oeste
147,27.75,32.5,3,0,Leste
148,16.37,23.1,6,0,Oeste
149,31.77,115.6,4,0,Leste
150,30.47,25.0,8,0,Sul
151,28.46,16.0,2,1,Sul
152,16.16,18.8,5,0,Sul
153,19.79,16.7,2,0,Oeste
154,27.25,14.1,3,0,Leste
155,29.37,19.0,5,1,Leste
156,16.63,228.6,3,0,Sul
157,38.74,13.2,1,0,Sul
158,23.64,10.0,3,0,Leste
159,32.34,41.4,3,0,Leste
160,14.81,31.2,1,0,Sul
161,26.4,56.2,2,0,Leste
162,14.63,21.3,4,0,Norte
163,25.97,16.5,1,0,Sul
164,28.46,126.3,2,0,Leste
165,28.9,9.1,2,0,Sul
166,18.86,44.2,3,0,Oeste
167,10.21,57.5,1,0,Sul
168,27.34,63.9,1,0,Sul
169,21.57,26.0,1,0,Sul
170,21.57,12.2,4,0,Leste
171,17.38,109.9,4,0,Leste
172,24.33,23.2,1,0,Leste
173,24.72,112.6,3,0,Norte
174,33.2,44.5,4,0,Norte
175,8.63,22.5,6,0,Leste
176,14.18,45.4,4,0,Leste
177,28.44,83.1,2,0,Oeste
178,7.15,35.4,4,0,Norte
179,18.98,18.4,3,1,Leste
180,43.76,7.9,1,0,Oeste
181,22.54,23.6,3,0,Sul
182,30.36,63.2,5,0,Leste
183,11.31,14.8,4,1,Sul
184,30.36,57.1,3,0,Oeste
185,21.74,33.9,4,0,Leste
186,27.07,60.1,4,0,Oeste
187,29.21,5.1,2,0,Leste
188,20.64,10.6,2,0,Sul
189,28.65,22.9,6,0,Oeste
190,15.79,147.4,3,0,Sul
191,25.19,18.1,5,0,Sul
192,28.92,29.9,5,1,Leste
193,20.44,185.0,3,1,Leste
194,17.06,46.7,3,0,Oeste
195,21.11,65.9,4,0,Sul
196,33.48,19.8,5,0,Leste
197,32.25,85.0,2,0,Leste
198,30.85,96.1,3,1,Norte
199,37.06,49.5,2,1,Sul
200,25.05,30.9,7,0,Sul
201,26.41,51.8,3,0,Sul
202,9.06,9.0,3,0,Oeste
203,17.72,79.1,2,0,Leste
204,29.09,16.8,5,1,Leste
205,31.95,26.5,3,0,Oeste
206,14.66,95.0,4,0,Sul
207,24.26,79.7,2,0,Leste
208,42.28,9.1,5,0,Leste
209,24.3,15.5,5,0,Oeste
210,36.56,55.3,1,0,Sul
211,27.78,8.2,9,0,Oeste
212,29.49,103.1,4,0,Sul
213,17.72,36.4,3,0,Sul
214,12.13,102.5,4,0,Leste
215,30.78,18.2,1,0,Sul
216,27.46,19.6,3,0,Leste
217,25.48,75.7,3,0,Leste
218,14.38,26.1,2,0,Leste
219,22.15,12.3,4,0,Sul
220,20.07,51.9,3,0,Norte
221,20.85,9.3,3,0,Sul
222,26.83,105.0,3,0,Leste
223,30.65,38.4,4,0,Sul
224,27.29,16.3,4,0,Sul
225,1065.24,82.8,4,0,Sul
226,25.91,84.0,2,0,Norte
227,23.6,33.2,3,1,Leste
228,18.35,204.5,4,0,Oeste
229,25.37,200.7,1,1,Sul
230,30.98,42.9,4,0,Leste
231,24.08,77.7,2,0,Leste
232,17.64,94.4,2,0,Leste
233,15.43,13.4,1,0,Leste
234,17.37,41.7,3,0,Leste
235,15.85,19.2,4,0,Leste
236,48.13,17.1,3,0,Norte
237,17.98,36.5,5,0,Leste
238,24.69,38.8,2,0,Leste
239,24.31,9.1,3,0,Norte
240,36.31,43.6,2,0,Sul
241,365.29,27.1,3,1,Oeste
242,28.4,101.3,5,1,Leste
243,26.4,83.9,1,1,Leste
244,27.2,16.7,4,0,Oeste
245,27.58,94.6,2,0,Leste
246,19.98,50.8,3,1,Leste
247,17.66,27.8,2,0,Leste
248,25.47,22.0,3,1,Oeste
249,20.7,13.2,4,1,Leste
250,26.47,12.5,4,0,Leste
251,16.37,7.7,2,0,Sul
252,13.21,33.7,2,0,Oeste
253,14.77,6.4,4,0,Leste
254,24.41,16.6,6,0,Norte
255,12.08,56.0,2,0,Oeste
256,40.6,109.4,4,0,Leste
257,40.62,13.2,2,1,Norte
258,32.08,53.9,2,0,Leste
259,22.04,25.8,3,0,Leste
260,21.13,21.9,1,0,Oeste
261,27.37,37.5,3,0,Sul
262,29.77,19.6,3,1,Leste
263,27.37,31.0,2,0,Leste
264,14.52,35.0,5,0,Norte
265,23.48,83.8,6,0,Oeste
266,29.27,99.7,3,0,Leste
267,6.11,20.5,2,0,Sul
268,16.16,26.7,3,0,Leste
269,29.21,63.0,4,0,Oeste
270,22.5,28.7,1,0,Sul
271,22.51,58.6,2,0,Sul
272,33.87,68.2,6,0,Sul
273,24.57,74.8,4,0,Sul
274,21.21,35.5,1,1,Leste
275,22.53,13.1,5,0,Leste
276,22.79,29.0,3,0,Sul
277,18.32,22.1,3,0,Sul
278,23.22,61.7,2,0,Sul
279,15.88,112.2,5,0,Oeste
280,22.33,114.8,2,0,Sul
281,20.87,67.3,2,1,Oeste
282,26.85,15.7,4,0,Leste
283,37.12,101.8,3,0,Sul
284,27.08,46.6,3,0,Oeste
285,25.83,17.1,2,0,Leste
286,26.87,66.0,3,0,Leste
287,18.1,27.7,3,0,Oeste
288,30.62,7.0,2,0,Norte
289,28.25,15.1,3,0,Norte
290,24.64,31.4,2,0,Leste
291,27.84,30.5,4,0,Sul
292,27.62,14.1,1,0,Sul
293,27.64,60.4,2,0,Norte
294,32.95,50.2,3,0,Norte
295,18.94,10.5,4,0,Leste
296,35.49,272.2,4,0,Sul
297,12.18,12.5,1,0,Leste
298,30.3,23.0,2,0,Leste
299,26.34,44.7,3,0,Leste
300,17.3,23.0,1,0,Norte
301,33.23,106.0,3,0,Leste
302,10.49,28.8,4,0,Norte
303,38.0,15.8,3,0,Leste
304,43.05,54.1,5,0,Oeste
305,23.69,3.3,3,0,Leste
306,16.78,50.8,3,1,Leste
307,20.38,92.9,1,0,Leste
308,32.8,5.2,1,0,Sul
309,22.42,24.0,3,0,Oeste
310,1.52,8.9,2,0,Oeste
311,28.07,33.5,2,0,Sul
312,32.15,199.3,4,0,Leste
313,29.11,39.8,3,0,Oeste
314,30.39,27.8,5,1,Oeste
315,37.84,3.5,4,0,Leste
316,23.31,13.7,3,0,Leste
317,38.75,29.8,2,0,Sul
318,23.77,35.7,2,0,Oeste
319,34.01,43.6,3,0,Sul
320,23.86,61.2,6,0,Leste
321,41.31,16.0,5,0,Sul
322,30.18,34.2,2,0,Sul
323,24.23,22.3,1,0,Leste
324,15.4,15.6,1,0,Oeste
325,26.65,16.5,6,1,Norte
326,18.45,51.0,5,0,Leste
327,28.53,4.3,3,0,Norte
328,30.27,7.5,3,0,Sul
329,33.32,417.3,5,0,Leste
330,29.3,19.5,4,0,Leste
331,25.64,107.2,7,0,Sul
332,35.6,31.4,1,0,Sul
333,36.52,21.1,4,0,Norte
334,16.58,56.0,2,0,Sul
335,39.1,35.3,2,0,Oeste
336,34.83,28.7,2,0,Oeste
337,18.18,32.0,6,0,Sul
338,9.97,45.4,7,0,Leste
339,34.64,19.1,2,0,Oeste
340,26.65,22.5,3,0,Norte
341,21.36,15.1,1,0,Leste
342,27.51,12.6,1,0,Oeste
343,34.49,145.5,5,0,Norte
344,8.75,16.0,3,0,Sul
345,26.01,73.6,2,0,Oeste
346,25.46,24.9,3,0,Leste
347,36.97,51.0,1,0,Norte
348,31.63,33.1,1,0,Sul
349,31.55,7.9,3,0,Leste
350,21.45,33.9,3,0,Leste
351,30.36,53.8,1,0,Leste
352,21.12,15.4,3,0,Oeste
353,24.13,212.2,2,0,Sul
354,29.59,63.4,4,0,Leste
355,25.68,63.9,5,0,Leste
356,27.53,69.5,5,0,Leste
357,35.5,5.1,3,0,Sul
358,22.08,58.2,5,0,Oeste
359,16.7,204.6,5,1,Oeste
360,17.75,60.8,3,0,Leste
361,16.0,26.8,3,0,Leste
362,37.86,13.6,1,0,Sul
363,30.23,12.6,5,0,Leste
364,33.56,11.4,4,0,Leste
365,32.13,24.0,3,1,Leste
366,23.41,14.1,4,0,Oeste
367,38.04,29.3,4,1,Leste
368,19.47,39.0,3,1,Sul
369,41.1,8.4,7,0,Leste
370,25.99,18.0,2,0,Sul
371,39.31,20.8,3,0,Sul
372,16.61,20.4,3,0,Sul
373,21.55,33.6,3,0,Leste
374,12.18,36.6,4,0,Leste
375,33.34,23.6,3,0,Leste
376,27.03,19.3,4,0,Leste
377,41.13,32.6,2,0,Leste
378,21.13,105.0,2,0,Sul
379,35.7,10.3,1,0,Leste
380,25.64,81.9,7,0,Sul
381,24.25,9.0,3,0,Sul
382,22.68,44.2,7,0,Leste
383,18.24,76.7,3,0,Sul
384,27.99,11.5,2,0,Norte
385,26.69,43.8,2,0,Leste
386,12.42,14.3,1,0,Leste
387,4.91,84.5,3,0,Leste
388,22.5,9.2,3,0,Oeste
389,34.3,16.2,6,0,Leste
390,26.78,36.8,2,0,Oeste
391,14.58,58.5,2,1,Sul
392,10.81,35.7,3,0,Leste
393,34.24,49.2,3,0,Oeste
394,11.78,21.3,3,0,Leste
395,31.07,13.8,1,0,Leste
396,29.55,106.9,4,1,Sul
397,38.08,49.4,4,0,Norte
398,692.66,22.4,4,0,Leste
399,32.51,8.8,2,0,Sul
400,36.2,88.1,4,0,Oeste
401,14.3,91.1,2,0,Sul
402,26.06,27.8,3,1,Oeste
403,24.68,19.5,3,0,Oeste
404,16.49,26.9,2,0,Sul
405,27.11,28.0,6,0,Sul
406,15.65,61.3,2,1,Oeste
407,28.06,13.3,3,0,Oeste
408,42.39,20.8,2,0,Leste
409,23.37,28.6,5,1,Sul
410,24.24,40.7,3,0,Leste
411,36.33,66.2,2,0,Leste
412,35.08,42.5,2,1,Sul
413,20.06,134.5,2,1,Leste
414,30.51,15.0,4,0,Norte
415,1.38,106.6,2,0,Norte
416,16.97,15.4,2,0,Sul
417,33.56,24.1,4,0,Sul
418,20.92,45.1,4,0,Sul
419,23.4,85.0,3,0,Leste
420,17.61,24.2,1,0,Sul
421,16.32,45.3,2,0,Sul
422,5.03,25.7,3,0,Sul
423,22.09,5.3,2,0,Oeste
424,28.72,32.1,1,0,Leste
425,26.97,12.3,1,0,Leste
426,18.34,91.6,1,0,Leste
427,13.57,92.1,3,0,Oeste
428,22.01,17.0,1,1,Sul
429,14.37,15.0,1,0,Leste
430,18.86,20.0,6,0,Leste
431,26.03,50.7,4,0,Leste
432,18.03,50.9,2,0,Norte
433,35.29,506.0,1,0,Leste
434,16.63,25.9,3,0,Norte
435,20.16,35.6,1,0,Leste
436,31.8,155.3,2,0,Leste
437,30.52,41.6,2,0,Sul
438,29.13,13.9,3,0,Leste
439,19.9,43.5,3,0,Norte
440,29.67,58.2,4,0,Leste
441,31.34,25.2,3,0,Leste
442,28.53,62.6,3,1,Sul
443,24.74,58.3,3,0,Sul
444,29.62,22.9,1,0,Oeste
445,24.39,114.6,3,0,Norte
446,28.23,17.7,1,1,Sul
447,25.6,47.0,1,1,Sul
448,12.91,20.5,5,0,Leste
449,20.33,8.5,3,0,Leste
450,41.64,44.1,4,0,Sul
451,9.5,155.0,5,0,Sul
452,37.42,31.7,5,0,Sul
453,30.0,10.0,2,0,Sul
454,25.27,39.6,4,1,Leste
455,11.56,17.2,2,0,Leste
456,24.99,76.9,4,0,Sul
457,19.03,27.6,2,0,Sul
458,34.51,8.0,3,0,Sul
459,19.67,49.7,4,0,Oeste
460,22.79,39.1,2,0,Oeste
461,26.97,26.1,5,0,Leste
462,19.84,14.4,3,0,Sul
463,32.67,138.6,1,0,Norte
464,22.63,23.1,2,0,Sul
465,9.95,67.9,1,1,Sul
466,26.21,22.9,2,0,Leste
467,31.46,57.1,5,0,Leste
468,36.5,34.6,3,0,Oeste
469,29.42,33.9,3,0,Leste
470,34.23,17.1,2,1,Sul
471,28.93,50.5,2,0,Leste
472,17.32,101.9,5,1,Sul
473,18.75,14.5,5,0,Norte
474,6.61,17.0,2,1,Leste
475,23.27,349.2,5,0,Norte
476,30.22,14.9,1,1,Leste
477,12.38,21.2,3,0,Sul
478,35.35,100.2,1,0,Leste
479,24.18,102.6,3,1,Leste
480,17.83,4.7,2,0,Sul
481,12.34,61.1,4,0,Leste
482,38.29,28.3,4,0,Sul
483,34.46,29.4,1,0,Leste
484,21.77,84.1,3,0,Leste
485,32.43,25.1,1,0,Leste
486,23.32,22.0,3,1,Oeste
487,20.16,25.6,2,0,Sul
488,19.77,25.0,4,0,Leste
489,23.14,43.7,3,1,Leste
490,21.81,95.5,2,1,Oeste
491,25.49,46.6,3,0,Sul
492,37.87,32.8,4,0,Leste
493,43.23,51.3,4,0,Leste
494,15.38,61.8,1,0,Sul
495,28.68,52.6,2,0,Leste
496,26.68,19.4,5,0,Sul
497,29.24,46.5,4,0,Leste
498,21.4,6.1,2,0,Oeste
499,29.35,113.0,1,1,Leste
500,13.96,112.7,5,1,Leste
501,52.06,67.5,2,0,Leste
502,27.32,89.7,4,0,Norte
503,30.84,31.2,2,0,Sul
504,16.05,18.2,3,0,Leste
505,19.44,12.1,5,0,Sul
506,13.25,74.2,2,0,Sul
507,36.65,18.2,5,1,Leste
508,16.12,24.6,3,0,Sul
509,23.49,39.6,4,1,Sul
510,23.84,32.1,5,0,Leste
511,28.79,40.9,6,0,Sul
512,14.66,7.8,2,0,Oeste
513,31.88,27.5,3,1,Oeste
514,34.96,64.0,4,0,Leste
515,19.72,23.4,1,0,Sul
516,24.71,16.6,2,0,Leste
517,30.01,71.1,3,0,Leste
518,27.04,23.6,1,0,Leste
519,17.0,38.4,3,1,Sul
520,30.61,28.0,5,0,Leste
521,37.1,33.1,4,0,Leste
522,37.08,112.6,3,0,Leste
523,29.6,52.3,5,1,Leste
524,31.13,12.5,4,0,Leste
525,21.89,24.6,1,0,Leste
526,17.66,23.8,3,0,Norte
527,24.45,39.4,6,0,Leste
528,43.12,68.5,2,0,Norte
529,20.75,34.0,3,0,Leste
530,28.48,33.2,3,0,Sul
531,28.02,5.6,3,0,Leste
532,22.01,95.5,2,1,Sul
533,36.87,29.0,3,1,Leste
534,37.71,40.7,1,0,Leste
535,1050.21,40.7,1,0,Sul
536,18.61,17.9,1,1,Sul
537,28.26,27.2,3,0,Sul
538,25.71,17.8,6,0,Oeste
539,19.51,100.1,4,0,Leste
540,19.67,5.6,5,0,Leste
541,26.33,15.4,2,1,Sul
542,21.26,25.6,3,0,Leste
543,17.16,109.7,4,0,Oeste
544,25.99,58.3,3,0,Leste
545,16.15,8.9,4,0,Leste
546,21.27,30.2,6,0,Norte
547,27.89,59.0,4,0,Sul
548,23.92,196.7,2,0,Norte
549,22.94,25.2,3,0,Sul
550,39.47,12.8,2,0,Sul
551,36.22,42.9,3,0,Sul
552,25.66,32.0,2,0,Sul
553,686.62,48.0,3,0,Oeste
554,31.49,57.5,2,0,Leste
555,45.21,42.8,4,0,Leste
556,35.92,50.5,4,0,Leste
557,14.6,122.6,4,0,Sul
558,23.42,26.2,1,0,Leste
559,334.27,12.4,1,0,Sul
560,17.59,42.6,2,0,Leste
561,34.08,11.9,2,0,Sul
562,33.91,13.5,5,0,Oeste
563,39.2,17.2,2,0,Sul
564,30.43,12.2,3,0,Sul
565,24.64,84.3,2,0,Oeste
566,26.5,34.4,3,0,Norte
567,17.76,58.3,1,0,Leste
568,35.96,49.8,5,0,Leste
569,19.07,28.0,3,1,Leste
570,21.73,71.4,1,0,Oeste
571,22.57,22.5,3,0,Oeste
572,0.43,29.0,4,0,Norte
573,31.94,18.8,3,0,Leste
574,17.42,101.5,3,0,Leste
575,30.52,30.4,3,0,Leste
576,21.41,53.4,1,1,Sul
577,21.34,20.8,1,0,Leste
578,16.12,65.2,2,1,Oeste
579,36.11,61.5,4,0,Oeste
580,37.89,9.0,5,0,Leste
581,33.0,33.2,3,0,Norte
582,27.12,36.4,3,1,Sul
583,1144.33,26.1,3,0,Leste
584,33.69,100.3,1,0,Leste
585,23.99,12.5,1,0,Leste
586,35.54,23.1,1,0,Norte
587,17.3,16.8,1,0,Leste
588,32.85,75.5,2,0,Leste
589,35.28,14.5,3,0,Oeste
590,16.22,7.6,4,0,Leste
591,18.29,46.8,7,0,Sul
592,24.64,29.6,4,0,Leste
593,28.38,76.1,3,0,Norte
594,20.06,63.4,3,0,Oeste
595,25.74,32.0,1,1,Sul
596,8.47,10.4,2,0,Leste
597,31.12,12.7,3,0,Sul
598,31.5,8.0,2,0,Leste
599,37.17,29.6,2,0,Leste
600,29.59,19.6,1,0,Leste
601,22.04,28.7,1,0,Sul
602,16.89,38.0,4,0,Sul
603,18.49,151.2,2,0,Sul
604,24.29,52.7,2,0,Leste
605,18.23,35.1,5,0,Norte
606,18.85,9.5,4,0,Leste
607,24.7,33.8,3,0,Oeste
608,12.11,67.1,6,0,Oeste
609,17.07,45.3,3,0,Leste
610,26.75,14.3,2,0,Leste
611,27.13,24.5,5,0,Norte
612,31.92,35.1,5,0,Leste
613,26.24,23.9,5,0,Leste
614,25.25,20.2,4,0,Sul
615,30.1,5.9,2,0,Leste
616,26.52,17.9,4,1,Leste
617,17.22,40.5,1,0,Oeste
618,18.6,66.7,1,0,Sul
619,38.41,35.2,5,0,Leste
620,50.74,77.3,6,0,Sul
621,30.89,31.1,3,0,Sul
622,16.93,16.4,2,0,Oeste
623,40.19,22.7,2,0,Leste
624,21.56,49.4,2,0,Leste
625,28.4,26.7,4,0,Norte
626,24.84,19.8,1,0,Leste
627,26.49,9.5,3,0,Leste
628,21.48,16.2,1,0,Sul
629,35.38,24.1,3,0,Leste
630,23.52,20.8,1,0,Norte
631,29.9,15.2,6,0,Leste
632,29.73,115.1,3,1,Leste
633,24.12,53.5,3,0,Sul
634,12.96,191.3,8,0,Sul
635,18.38,9.2,2,0,Sul
636,30.7,42.5,4,0,Norte
637,27.46,23.4,1,0,Leste
638,18.48,33.6,2,0,Leste
639,25.35,145.6,3,0,Norte
640,26.68,8.2,2,0,Norte
641,29.66,20.9,3,0,Leste
642,39.56,18.2,1,0,Leste
643,6.74,21.0,2,0,Sul
644,34.69,6.1,1,0,Sul
645,26.74,92.6,5,0,Leste
646,16.76,95.6,3,1,Sul
647,723.98,52.7,2,0,Norte
648,36.57,11.4,1,0,Leste
649,38.97,41.4,9,0,Leste
650,16.83,66.2,2,0,Leste
651,18.21,45.2,4,0,Leste
652,14.66,31.8,3,0,Leste
653,26.86,102.4,2,0,Sul
654,27.26,18.8,2,0,Sul
655,32.9,28.9,5,0,Sul
656,28.53,54.6,2,0,Sul
657,32.15,42.7,2,0,Leste
658,13.9,51.8,3,0,Oeste
659,39.02,50.7,3,0,Oeste
660,35.38,50.4,1,0,Leste
661,20.77,24.7,3,0,Sul
662,18.7,19.0,2,1,Sul
663,30.97,37.0,4,0,Leste
664,12.51,110.9,2,0,Leste
665,19.12,32.5,3,0,Leste
666,16.78,53.5,7,0,Leste
667,24.23,36.2,4,0,Leste
668,21.45,168.5,1,0,Leste
669,18.72,29.7,3,0,Norte
670,17.93,53.6,5,0,Leste
671,19.89,18.6,1,0,Oeste
672,15.48,13.5,4,1,Sul
673,29.34,32.9,3,0,Leste
674,34.01,85.2,4,0,Sul
675,28.21,55.0,3,0,Oeste
676,36.06,6.2,4,1,Norte
677,18.28,59.5,2,0,Leste
678,19.01,9.7,4,0,Sul
679,28.54,64.8,2,1,Leste
680,29.58,51.2,6,0,Sul
681,25.12,29.4,1,0,Sul
682,24.8,59.3,7,0,Leste
683,16.47,26.8,4,0,Oeste
684,3.72,37.3,3,0,Sul
685,29.46,10.5,4,1,Sul
686,32.85,27.0,2,0,Leste
687,21.51,69.3,4,0,Leste
688,20.58,11.4,2,0,Oeste
689,19.73,63.7,3,0,Sul
690,22.0,6.6,3,0,Leste
691,33.05,12.8,2,0,Sul
692,17.52,25.7,3,0,Sul
693,30.16,37.4,3,0,Leste
694,21.02,20.9,3,0,Leste
695,9.05,20.5,6,0,Leste
696,22.25,80.3,2,0,Sul
697,38.12,85.7,1,0,Leste
698,19.52,23.6,5,0,Leste
699,23.1,24.2,5,0,Oeste
700,25.06,26.3,4,0,Sul
701,26.58,195.2,5,0,Sul
702,37.34,33.6,3,0,Sul
703,18.66,116.4,1,0,Leste
704,25.09,59.5,1,0,Sul
705,31.07,30.5,4,0,Oeste
706,19.29,19.7,5,1,Sul
707,25.58,61.8,3,0,Oeste
708,32.86,17.7,1,0,Sul
709,20.84,24.3,1,0,Leste
710,23.61,56.1,2,0,Oeste
711,15.79,27.3,2,0,Sul
712,32.58,24.1,3,0,Oeste
713,26.27,25.9,1,0,Leste
714,21.6,19.1,1,0,Oeste
715,22.53,47.4,2,0,Leste
716,24.93,34.1,3,1,Sul
717,27.67,11.2,2,0,Sul
718,19.78,22.4,5,1,Sul
719,20.41,24.7,3,0,Norte
720,22.89,24.6,4,0,Sul
721,26.21,53.5,3,1,Sul
722,37.85,18.9,4,0,Leste
723,18.58,288.0,1,0,Leste
724,11.78,100.3,5,0,Sul
725,36.2,99.9,3,0,Sul
726,17.98,14.5,3,0,Leste
727,36.74,6.5,2,0,Sul
728,34.95,25.2,3,0,Norte
729,29.35,41.9,2,0,Sul
730,34.72,29.1,2,0,Oeste
731,10.35,21.7,1,0,Leste
732,14.18,8.2,4,0,Sul
733,27.27,19.3,6,0,Leste
734,21.91,27.3,3,0,Leste
735,18.72,22.3,2,0,Leste
736,31.46,22.2,1,0,Leste
737,27.06,17.5,2,0,Leste
738,33.39,124.4,3,0,Sul
739,22.02,58.4,1,0,Norte
740,24.87,71.2,3,0,Leste
741,37.32,41.2,2,0,Oeste
742,14.73,11.4,2,0,Leste
743,24.31,59.8,6,0,Leste
744,18.0,97.4,1,0,Oeste
745,38.56,109.4,3,0,Sul
746,44.25,54.5,1,1,Leste
747,26.68,33.1,1,0,Leste
748,28.94,33.1,1,0,Oeste
749,24.17,50.2,4,1,Oeste
750,23.86,8.9,5,0,Leste
751,25.67,55.2,5,0,Sul
752,14.21,22.5,2,1,Leste
753,30.28,193.9,3,0,Sul
754,17.12,26.0,3,0,Leste
755,22.17,38.7,2,0,Oeste
756,25.27,37.2,4,0,Sul
757,18.9,19.0,4,0,Leste
758,29.78,47.7,3,0,Leste
759,21.2,43.5,2,1,Leste
760,33.52,75.1,4,0,Sul
761,18.03,58.9,1,0,Leste
762,23.66,38.5,4,0,Oeste
763,16.42,17.2,3,0,Oeste
764,32.86,17.6,2,0,Sul
765,22.51,124.7,4,0,Oeste
766,20.54,35.5,4,0,Leste
767,23.48,174.4,3,0,Sul
768,24.12,17.2,4,0,Norte
769,28.24,191.5,3,0,Sul
770,29.31,15.6,2,0,Oeste
771,23.79,23.3,4,0,Leste
772,970.65,47.2,2,0,Leste
773,0.14,73.6,3,0,Sul
774,21.38,57.0,3,0,Leste
775,36.45,7.2,5,0,Norte
776,28.59,20.9,2,0,Sul
777,16.41,13.2,2,0,Leste
778,21.9,11.0,3,0,Sul
779,20.23,32.7,4,0,Leste
780,33.56,6.1,2,0,Sul
781,32.75,73.7,2,0,Leste
782,18.75,60.1,3,0,Leste
783,25.08,121.0,2,0,Leste
784,15.93,14.1,3,0,Sul
785,19.99,15.3,3,0,Norte
786,20.28,76.8,2,1,Oeste
787,19.38,81.6,2,0,Sul
788,27.93,97.4,3,0,Leste
789,35.79,83.4,2,0,Oeste
790,24.52,39.5,3,1,Sul
791,16.56,22.9,3,0,Sul
792,26.66,59.6,4,0,Leste
793,26.68,23.3,4,0,Oeste
794,23.49,36.0,3,0,Oeste
795,39.87,24.4,5,0,Leste
796,26.95,41.0,5,0,Leste
797,29.59,89.4,2,1,Sul
798,7.06,25.0,4,0,Oeste
799,17.3,22.2,2,0,Oeste
800,29.11,30.4,1,1,Sul
801,27.27,12.9,4,0,Sul
802,21.97,56.3,4,0,Sul
803,28.63,36.4,1,0,Sul
804,32.42,32.2,1,0,Leste
805,21.22,43.1,5,0,Sul
806,20.02,10.2,2,0,Norte
807,22.95,101.5,5,1,Sul
808,28.99,21.9,3,1,Oeste
809,20.42,24.5,3,0,Leste
810,31.82,66.2,4,0,Leste
811,21.14,54.0,3,1,Sul
812,20.52,163.9,3,0,Oeste
813,43.77,15.3,1,0,Leste
814,15.12,15.6,4,1,Sul
815,31.25,12.7,3,0,Norte
816,10.55,36.8,3,0,Norte
817,30.27,26.7,2,0,Sul
818,46.53,19.0,2,0,Leste
819,33.46,31.4,2,0,Oeste
820,35.7,14.5,4,0,Leste
821,24.23,114.1,2,0,Leste
822,32.54,18.9,5,0,Leste
823,26.99,21.0,3,0,Leste
824,41.21,4.9,2,0,Leste
825,16.15,8.9,2,0,Sul
826,34.5,20.7,4,1,Sul
827,28.42,25.9,3,0,Leste
828,17.7,58.9,1,0,Norte
829,22.8,10.0,4,0,Sul
830,12.19,47.5,2,0,Leste
831,1.12,54.6,1,0,Oeste
832,15.4,56.9,7,0,Leste
833,21.9,75.8,2,0,Leste
834,25.65,13.1,5,0,Leste
835,14.52,51.1,4,0,Leste
836,22.47,135.9,4,0,Leste
837,26.89,101.5,4,1,Oeste
838,20.39,150.4,4,0,Leste
839,16.35,40.2,2,0,Leste
840,19.15,20.6,1,0,Leste
841,35.69,4.4,2,0,Leste
842,11.19,12.3,2,0,Sul
843,34.23,21.8,1,0,Norte
844,35.92,25.1,2,1,Norte
845,22.15,17.6,4,0,Oeste
846,28.68,43.5,1,0,Sul
847,18.75,38.7,1,0,Sul
848,27.14,34.2,3,1,Leste
849,42.81,62.1,2,0,Sul
850,35.17,22.7,5,0,Leste
851,20.97,79.6,1,0,Sul
852,14.45,12.6,3,0,Oeste
853,22.65,26.0,5,0,Oeste
854,27.19,42.7,3,1,Oeste
855,30.77,7.1,5,0,Leste
856,24.13,22.1,2,0,Leste
857,39.29,58.5,3,0,Sul
858,25.26,23.5,1,0,Norte
859,21.2,7.7,3,0,Norte
860,29.2,16.3,3,0,Leste
861,30.6,11.3,5,0,Leste
862,18.9,49.3,2,0,Leste
863,17.49,36.4,6,0,Norte
864,11.86,9.5,2,0,Leste
865,22.69,8.9,1,0,Leste
866,34.73,18.5,4,0,Leste
867,30.33,34.0,2,0,Leste
868,33.99,19.3,4,0,Sul
869,19.77,43.8,5,0,Leste
870,23.69,42.6,1,1,Leste
871,9.75,50.7,2,0,Sul
872,33.06,10.7,3,0,Sul
873,35.74,26.6,2,0,Leste
874,16.47,78.3,5,0,Leste
875,38.01,19.3,2,0,Leste
876,23.12,17.3,5,0,Sul
877,16.33,22.4,1,0,Oeste
878,22.47,22.0,1,0,Leste
879,30.03,36.5,3,0,Leste
880,24.57,20.8,5,0,Leste
881,20.38,6.6,5,0,Sul
882,29.74,85.5,2,0,Leste
883,30.48,49.7,4,0,Sul
884,23.61,37.3,2,0,Oeste
885,22.15,30.7,2,0,Leste
886,20.64,25.6,2,0,Leste
887,28.83,17.5,3,0,Leste
888,12.17,7.4,4,0,Oeste
889,18.9,121.7,4,0,Leste
890,23.7,33.7,1,0,Leste
891,18.69,9.1,1,0,Leste
892,27.03,14.6,1,0,Leste
893,26.31,42.2,2,0,Leste
894,44.85,41.6,3,0,Sul
895,18.91,18.2,4,0,Leste
896,24.91,14.0,3,0,Sul
897,17.34,21.0,4,0,Oeste
898,40.52,7.1,4,1,Sul
899,38.61,22.6,5,0,Oeste
900,12.46,22.8,3,0,Leste
901,23.68,112.3,2,0,Leste
902,25.29,23.1,3,0,Leste
903,22.28,40.5,3,0,Sul
904,21.13,118.9,3,0,Sul
905,31.17,14.1,2,0,Norte
906,39.3,20.1,2,1,Leste
907,31.46,21.5,1,0,Leste
908,31.91,8.7,1,0,Leste
909,22.16,26.9,3,0,Sul
910,33.14,84.0,2,0,Sul
911,33.11,65.1,8,0,Leste
912,21.2,85.3,2,0,Oeste
913,23.14,19.9,2,0,Leste
914,12.4,13.4,2,0,Leste
915,14.18,201.3,3,0,Leste
916,21.53,39.3,5,0,Norte
917,16.44,9.1,3,0,Oeste
918,31.44,256.8,2,1,Leste
919,23.73,30.8,2,0,Sul
920,29.26,3.1,2,0,Leste
921,15.23,106.0,1,0,Sul
922,35.39,5.2,5,0,Oeste
923,28.92,41.7,2,1,Sul
924,28.24,65.0,4,0,Leste
925,32.57,57.1,4,0,Sul
926,27.55,115.0,4,0,Leste
927,16.89,74.7,3,0,Leste
928,30.02,146.2,3,0,Leste
929,18.7,30.7,4,0,Leste
930,26.69,23.8,3,0,Oeste
931,18.82,25.1,1,0,Norte
932,38.3,99.4,4,0,Sul
933,30.36,19.9,3,1,Sul
934,33.06,65.2,5,0,Oeste
935,18.93,16.6,3,0,Sul
936,27.39,16.9,2,0,Leste
937,26.52,85.4,4,0,Leste
938,25.88,47.0,3,1,Sul
939,9.5,5.9,3,0,Sul
940,40.71,16.7,1,0,Sul
941,24.69,4.2,1,0,Leste
942,29.01,24.5,5,0,Sul
943,14.48,26.6,2,0,Norte
944,776.31,22.7,3,0,Oeste
945,36.04,86.9,2,0,Oeste
946,31.84,46.1,2,0,Sul
947,27.18,238.1,2,0,Sul
948,43.68,50.8,3,1,Norte
949,32.86,51.5,4,0,Leste
950,14.07,41.2,3,0,Leste
951,26.8,26.7,2,0,Sul
952,29.67,19.7,2,0,Sul
953,25.84,27.4,3,0,Leste
954,29.58,28.5,2,1,Leste
955,36.53,30.7,4,0,Norte
956,23.49,55.1,3,0,Leste
957,21.96,42.1,2,0,Sul
958,16.32,21.9,4,0,Sul
959,10.07,18.3,4,0,Leste
960,22.5,39.6,5,0,Leste
961,19.58,15.8,1,0,Leste
962,23.35,23.5,5,0,Oeste
963,20.32,21.6,3,0,Leste
964,16.4,230.6,3,0,Leste
965,20.6,11.9,1,0,Leste
966,29.1,17.6,2,0,Oeste
967,20.72,21.2,5,0,Oeste
968,23.49,23.1,3,0,Norte
969,41.76,73.7,4,0,Oeste
970,33.6,27.0,3,0,Leste
971,26.82,11.5,8,0,Leste
972,27.09,104.0,3,1,Sul
973,19.32,40.9,4,0,Leste
974,21.64,46.4,1,0,Oeste
975,22.78,55.7,3,0,Sul
976,25.84,12.4,4,0,Oeste
977,24.65,32.9,4,0,Norte
978,476.72,63.9,4,0,Sul
979,29.77,19.8,4,0,Leste
980,20.41,42.3,2,0,Leste
981,40.38,51.2,3,0,Leste
982,35.0,10.3,3,0,Norte
983,11.71,14.5,2,0,Oeste
984,22.97,5.3,2,0,Norte
985,37.87,39.7,4,0,Sul
986,30.3,149.6,5,0,Norte
987,25.71,19.0,2,0,Leste
988,6.4,28.4,1,0,Oeste
989,23.26,74.5,3,0,Leste
990,26.68,41.0,2,0,Leste
991,8.55,15.2,3,0,Norte
992,29.91,112.3,4,0,Leste
993,19.39,38.8,3,0,Leste
994,27.41,27.5,1,0,Leste
995,26.05,29.4,2,0,Norte
996,22.96,53.1,2,0,Leste
997,31.33,20.3,1,1,Leste
998,27.25,116.4,5,0,Leste
999,46.73,90.6,2,1,Leste
1000,39.22,33.3,3,0,Sul
1001,16.9,34.8,1,0,Leste
1002,34.49,16.8,5,0,Sul
1003,19.11,19.9,1,0,Oeste
1004,15.61,13.4,2,0,Leste
1005,13.19,28.1,3,0,Sul
1006,22.13,34.8,4,0,Oeste
1007,33.05,9.3,2,0,Leste
1008,26.27,57.5,3,0,Norte
1009,29.07,16.5,5,0,Leste
1010,0.82,46.0,7,0,Sul
1011,23.17,63.2,1,0,Leste
1012,16.58,94.2,2,1,Leste
1013,12.36,79.7,2,1,Oeste
1014,15.37,124.6,3,0,Leste
1015,25.57,63.6,1,0,Leste
1016,30.26,37.9,4,1,Leste
1017,17.72,22.7,6,0,Sul
1018,29.71,30.1,2,0,Leste
1019,31.53,121.9,5,1,Leste
1020,27.64,28.3,3,0,Norte
1021,18.13,33.0,3,0,Leste
1022,21.02,107.9,4,0,Oeste
1023,27.62,27.5,3,1,Oeste
1024,19.27,17.5,5,1,Norte
1025,30.17,82.0,3,1,Norte
1026,16.14,17.1,8,0,Sul
1027,28.05,45.7,2,0,Oeste
1028,32.26,39.8,3,0,Sul
1029,26.53,42.6,4,0,Leste
1030,17.08,4.8,2,0,Sul
1031,11.96,61.8,2,0,Leste
1032,16.14,31.6,4,0,Sul
1033,28.9,54.2,3,0,Leste
1034,23.35,49.4,2,0,Sul
1035,20.2,42.6,5,0,Leste
1036,28.18,24.1,3,0,Sul
1037,9.11,24.3,2,0,Leste
1038,22.9,31.7,3,0,Oeste
1039,16.15,38.0,4,0,Sul
1040,14.2,23.6,2,0,Oeste
1041,20.88,70.4,1,0,Leste
1042,44.78,25.5,2,0,Sul
1043,30.06,15.1,1,0,Leste
1044,15.96,53.3,2,0,Sul
1045,34.69,149.1,3,1,Leste
1046,14.55,13.0,2,0,Leste
1047,37.14,30.0,5,0,Sul
1048,17.95,77.6,2,0,Leste
1049,25.88,52.2,3,0,Leste
1050,41.69,54.4,1,0,Oeste
1051,22.2,33.9,1,0,Leste
1052,39.7,3.9,6,0,Oeste
1053,24.42,40.7,1,1,Leste
1054,24.3,44.6,1,0,Sul
1055,17.91,81.5,2,1,Leste
1056,36.3,18.2,1,0,Leste
1057,21.04,127.3,2,0,Leste
1058,40.24,25.8,2,0,Leste
1059,19.98,22.5,4,0,Leste
1060,21.36,18.6,2,0,Leste
1061,33.03,76.5,2,0,Leste
1062,24.13,13.8,4,1,Sul
1063,27.31,54.9,3,0,Leste
1064,14.53,17.4,4,0,Leste
1065,25.88,32.0,2,0,Sul
1066,27.97,9.8,1,0,Leste
1067,38.79,62.1,1,0,Leste
1068,21.17,29.4,2,0,Sul
1069,27.7,51.7,7,0,Sul
1070,34.68,28.7,1,0,Sul
1071,25.34,50.5,6,0,Oeste
1072,33.69,31.9,2,0,Sul
1073,44.99,59.9,4,0,Sul
1074,25.24,50.8,4,0,Leste
1075,35.59,38.7,3,1,Sul
1076,29.12,16.1,3,0,Norte
1077,31.86,23.3,3,0,Sul
1078,30.64,17.9,3,0,Leste
1079,33.53,103.9,5,0,Leste
1080,33.0,61.8,3,1,Sul
1081,24.44,34.1,2,0,Leste
1082,20.55,21.1,3,0,Oeste
1083,28.4,17.6,4,0,Sul
1084,13.38,36.5,4,0,Sul
1085,29.95,144.7,2,1,Sul
1086,30.97,33.3,4,0,Leste
1087,23.57,86.6,4,0,Leste
1088,25.35,41.3,2,0,Sul
1089,32.29,51.9,2,1,Leste
1090,30.98,22.6,1,0,Norte
1091,32.41,28.3,2,1,Leste
1092,31.22,17.0,3,0,Leste
1093,25.85,42.3,5,0,Sul
1094,24.88,27.3,4,0,Leste
1095,28.38,44.2,2,0,Sul
1096,36.63,15.1,4,0,Leste
1097,27.11,47.7,5,0,Norte
1098,35.44,37.9,3,0,Oeste
1099,8.74,36.9,4,0,Sul
1100,27.57,45.2,2,0,Oeste
1101,25.66,27.4,1,0,Sul
1102,11.67,696.0,2,1,Leste
1103,12.88,48.2,2,1,Sul
1104,28.69,36.0,4,1,Oeste
1105,25.86,60.0,2,1,Sul
1106,31.32,21.8,5,0,Sul
1107,4.23,21.3,5,0,Leste
1108,33.56,62.8,2,0,Norte
1109,33.61,67.4,2,0,Sul
1110,13.93,85.9,2,0,Oeste
1111,36.26,10.6,4,0,Oeste
1112,39.32,29.9,4,0,Sul
1113,14.33,43.1,3,0,Oeste
1114,25.86,58.9,3,0,Leste
1115,26.59,50.5,5,0,Sul
1116,10.62,16.8,2,0,Leste
1117,22.36,50.0,3,0,Leste
1118,36.23,42.8,3,0,Oeste
1119,18.12,42.7,3,0,Sul
1120,39.63,13.8,4,0,Leste
1121,27.95,15.7,3,1,Norte
1122,18.67,141.1,2,1,Sul
1123,25.36,72.9,4,0,Norte
1124,13.29,31.5,3,0,Oeste
1125,28.43,31.9,3,0,Leste
1126,23.46,196.0,5,0,Leste
1127,21.59,34.3,1,0,Leste
1128,13.43,30.2,6,0,Sul
1129,24.35,17.6,2,0,Sul
1130,26.64,27.5,2,0,Sul
1131,14.04,8.6,3,0,Sul
1132,33.65,50.2,2,0,Leste
1133,27.22,90.7,2,0,Leste
1134,18.21,91.5,1,0,Norte
1135,24.24,18.9,2,0,Norte
1136,31.7,5.3,2,0,Sul
1137,35.96,43.4,2,0,Leste
1138,37.7,95.1,2,0,Oeste
1139,39.4,9.2,1,0,Leste
1140,1349.64,24.6,4,0,Leste
1141,19.32,44.1,2,0,Leste
1142,13.79,16.9,3,0,Sul
1143,33.73,8.3,2,0,Sul
1144,23.62,18.3,2,0,Oeste
1145,35.1,21.0,2,0,Leste
1146,13.66,7.3,2,0,Sul
1147,19.49,78.0,5,0,Leste
1148,18.61,114.8,6,0,Leste
1149,34.91,33.9,2,0,Leste
1150,30.61,59.4,1,0,Oeste
1151,8.77,10.1,4,0,Leste
1152,21.27,29.6,5,0,Leste
1153,32.68,20.8,5,0,Norte
1154,33.91,46.0,5,0,Norte
1155,28.31,3.8,4,0,Sul
1156,26.45,26.0,3,0,Norte
1157,17.55,54.7,1,0,Leste
1158,33.56,40.1,4,1,Leste
1159,15.42,61.9,4,0,Sul
1160,12.11,20.5,3,0,Leste
1161,26.66,3.5,2,0,Sul
1162,21.45,79.8,3,0,Sul
1163,30.79,60.8,2,0,Sul
1164,28.88,116.2,1,0,Sul
1165,38.66,35.1,5,0,Sul
1166,28.24,46.2,2,0,Leste
1167,33.48,213.4,5,0,Leste
1168,18.19,7.5,3,0,Oeste
1169,30.69,47.3,2,0,Norte
1170,22.79,87.7,4,0,Sul
1171,21.05,39.3,3,0,Norte
1172,17.78,34.9,2,1,Leste
1173,37.34,10.1,1,0,Norte
1174,24.94,107.1,1,0,Leste
1175,18.69,77.9,5,0,Leste
1176,30.42,92.4,5,0,Leste
1177,21.48,32.5,4,0,Leste
1178,18.61,25.6,2,0,Sul
1179,48.22,32.9,2,0,Sul
1180,15.33,129.0,5,0,Sul
1181,39.92,26.9,2,1,Leste
1182,18.52,108.4,4,0,Sul
1183,30.01,29.4,2,0,Sul
1184,24.19,16.7,4,1,Oeste
1185,30.89,6.3,3,0,Norte
1186,13.94,52.4,3,1,Leste
1187,12.97,61.2,4,0,Leste
1188,31.14,13.2,4,0,Sul
1189,10.76,107.9,3,0,Sul
1190,15.65,11.0,2,0,Sul
1191,24.28,58.4,2,0,Leste
1192,14.65,60.7,3,0,Leste
1193,15.67,78.1,3,0,Leste
1194,21.71,6.8,4,0,Oeste
1195,7.52,77.7,1,0,Leste
1196,13.79,29.5,5,0,Sul
1197,35.72,25.2,4,1,Sul
1198,32.66,64.1,1,1,Leste
1199,43.12,71.4,3,0,Sul
1200,29.76,6.7,1,0,Norte
1201,35.41,11.8,3,0,Leste
1202,21.63,86.4,2,0,Leste
1203,23.5,48.4,5,0,Oeste
1204,28.3,38.3,2,0,Leste
1205,1042.17,15.1,1,0,Norte
1206,29.37,47.0,3,0,Oeste
1207,20.01,87.8,3,0,Sul
1208,21.35,211.5,2,0,Sul
1209,32.98,24.9,3,0,Leste
1210,12.58,66.8,4,1,Norte
1211,25.44,146.0,3,0,Leste
1212,28.58,10.4,2,0,Sul
1213,20.76,139.7,1,0,Leste
1214,25.3,38.9,3,0,Sul
1215,25.68,35.2,3,0,Leste
1216,32.18,21.5,2,0,Leste
1217,23.54,24.8,4,0,Sul
1218,14.98,18.2,2,0,Sul
1219,20.38,15.4,5,0,Sul
1220,22.21,47.5,4,0,Sul
1221,18.59,80.7,5,1,Leste
1222,26.52,14.3,4,0,Leste
1223,26.13,19.0,1,0,Sul
1224,25.72,40.7,4,1,Sul
1225,17.82,13.6,2,0,Sul
1226,26.04,40.3,1,0,Leste
1227,35.31,26.7,3,0,Sul
1228,27.36,8.9,4,0,Oeste
1229,33.58,48.3,4,1,Leste
1230,25.87,21.1,1,0,Sul
1231,19.9,75.2,1,1,Leste
1232,31.88,28.3,4,0,Oeste
1233,13.74,18.7,3,0,Leste
1234,20.53,32.2,6,0,Sul
1235,23.87,89.4,4,0,Sul
1236,30.22,144.5,2,0,Leste
1237,35.2,53.2,2,0,Leste
1238,31.77,20.7,2,0,Leste
1239,30.97,34.0,3,1,Oeste
1240,31.92,30.6,1,0,Oeste
1241,33.03,29.4,5,0,Oeste
1242,15.9,27.0,1,0,Norte
1243,42.64,15.3,3,0,Leste
1244,33.88,72.3,3,0,Leste
1245,23.55,65.9,2,0,Leste
1246,27.97,33.7,2,0,Leste
1247,14.49,90.6,4,0,Sul
1248,22.92,53.1,3,0,Leste
1249,22.26,13.6,6,1,Leste
1250,21.6,24.9,2,0,Norte
1251,31.52,108.2,5,0,Leste
1252,25.83,24.8,3,0,Sul
1253,15.44,19.0,3,0,Sul
1254,15.6,59.0,3,0,Norte
1255,9.28,26.5,5,0,Leste
1256,32.04,51.9,1,0,Leste
1257,23.2,32.2,2,0,Leste
1258,31.04,17.5,2,0,Leste
1259,50.12,19.0,4,0,Leste
1260,17.81,8.6,2,0,Sul
1261,27.62,13.7,2,0,Sul
1262,36.55,54.7,4,0,Oeste
1263,21.09,86.9,3,0,Sul
1264,22.29,20.3,7,0,Oeste
1265,29.24,11.0,5,0,Leste
1266,45.34,82.3,2,0,Leste
1267,30.09,84.3,2,0,Oeste
1268,18.26,59.0,2,0,Norte
1269,19.22,10.4,3,0,Sul
1270,21.09,50.0,3,0,Leste
1271,10.44,51.5,8,0,Sul
1272,23.73,68.1,4,0,Oeste
1273,25.06,37.4,2,0,Norte
1274,25.37,18.2,2,0,Leste
1275,13.4,24.0,2,0,Leste
1276,27.76,84.9,2,0,Leste
1277,17.13,44.9,3,0,Sul
1278,23.09,11.6,3,1,Sul
1279,19.06,129.7,2,0,Leste
1280,34.24,83.5,4,0,Sul
1281,19.52,125.2,2,0,Leste
1282,35.76,82.1,1,0,Leste
1283,26.09,15.8,3,0,Leste
1284,28.36,43.1,6,0,Leste
1285,25.67,53.7,3,0,Sul
1286,18.18,11.3,3,0,Leste
1287,28.25,13.0,2,0,Oeste
1288,21.56,60.0,4,0,Leste
1289,27.54,64.0,2,0,Oeste
1290,29.83,220.2,2,0,Leste
1291,40.26,26.9,3,0,Sul
1292,28.77,8.6,4,0,Sul
1293,32.65,29.3,2,0,Oeste
1294,30.28,65.0,5,0,Sul
1295,23.2,24.7,4,0,Oeste
1296,30.43,35.9,4,0,Oeste
1297,24.01,19.8,3,0,Sul
1298,21.7,86.0,5,0,Norte
1299,16.28,60.1,4,0,Leste
1300,30.22,17.2,3,0,Sul
1301,20.45,21.8,4,0,Leste
1302,30.03,19.2,3,1,Leste
1303,25.04,7.5,2,0,Leste
1304,22.73,18.0,3,0,Leste
1305,18.09,8.0,5,0,Sul
1306,35.41,69.9,4,0,Leste
1307,21.86,74.5,6,0,Sul
1308,37.69,26.1,3,0,Sul
1309,18.45,39.0,1,0,Leste
1310,37.06,78.0,2,0,Leste
1311,25.67,62.0,2,0,Sul
1312,31.89,164.6,1,1,Leste
1313,14.6,40.8,1,0,Leste
1314,14.56,105.9,5,0,Sul
1315,27.06,35.7,3,0,Sul
1316,16.89,30.1,5,0,Oeste
1317,35.63,57.0,2,0,Leste
1318,27.91,51.5,2,0,Leste
1319,19.85,20.4,2,0,Leste
1320,17.64,17.1,7,0,Norte
1321,22.69,35.2,3,0,Leste
1322,20.46,7.3,3,0,Leste
1323,28.96,25.9,4,0,Leste
1324,24.39,15.1,7,0,Sul
1325,34.35,20.9,5,1,Norte
1326,30.06,17.8,3,0,Sul
1327,18.06,61.2,2,0,Oeste
1328,21.6,47.3,3,0,Leste
1329,18.08,34.5,3,0,Leste
1330,18.09,24.4,2,0,Norte
1331,10.64,75.8,1,0,Norte
1332,32.53,68.1,1,0,Leste
1333,35.34,30.3,2,0,Leste
1334,17.1,97.9,3,1,Leste
1335,16.29,28.5,5,1,Sul
1336,29.49,39.0,1,0,Leste
1337,18.44,20.9,5,0,Sul
1338,35.19,24.2,6,0,Sul
1339,19.27,20.1,3,0,Leste
1340,7.89,57.4,2,0,Sul
1341,23.96,44.7,3,0,Sul
1342,20.26,14.3,2,0,Leste
1343,26.18,52.1,2,0,Leste
1344,22.21,139.0,3,0,Leste
1345,29.61,19.5,1,0,Leste
1346,28.39,18.7,1,0,Norte
1347,27.61,33.3,4,0,Sul
1348,26.53,99.7,3,0,Oeste
1349,25.0,23.3,3,1,Leste
1350,13.82,144.5,1,0,Leste
1351,28.11,14.2,2,0,Norte
1352,30.86,38.5,1,0,Leste
1353,27.79,8.5,2,0,Norte
1354,23.39,15.7,1,0,Leste
1355,29.72,27.9,3,0,Oeste
1356,26.89,41.1,4,0,Oeste
1357,30.68,89.4,3,1,Leste
1358,24.3,18.9,6,0,Leste
1359,13.58,46.4,5,0,Oeste
1360,23.57,11.3,3,0,Leste
1361,17.41,74.3,2,1,Norte
1362,21.29,94.5,3,0,Leste
1363,25.69,75.9,2,0,Sul
1364,32.92,75.9,3,0,Leste
1365,30.33,30.8,4,0,Leste
1366,26.67,41.3,3,0,Leste
1367,34.98,30.6,1,0,Sul
1368,25.38,31.9,4,1,Sul
1369,26.62,18.3,8,0,Leste
1370,21.97,41.5,3,0,Leste
1371,618.79,46.3,3,1,Leste
1372,29.46,72.8,3,0,Sul
1373,12.46,45.3,3,0,Oeste
1374,17.55,67.0,3,0,Oeste
1375,26.42,18.3,2,0,Sul
1376,18.21,103.4,2,0,Norte
1377,25.14,27.3,4,0,Leste
1378,26.18,6.4,4,0,Leste
1379,20.52,24.2,3,0,Oeste
1380,25.44,52.5,3,0,Oeste
1381,25.33,35.4,3,0,Leste
1382,15.88,7.0,1,0,Leste
1383,29.37,39.3,4,1,Norte
1384,8.75,36.6,3,0,Sul
1385,40.03,15.2,3,0,Leste
1386,29.27,52.0,2,0,Leste
1387,33.17,29.8,4,0,Leste
1388,30.29,7.0,6,0,Leste
1389,24.66,57.7,1,1,Sul
1390,18.82,38.1,1,0,Leste
1391,24.8,111.1,2,0,Norte
1392,31.69,16.6,3,0,Leste
1393,18.42,27.5,3,0,Leste
1394,26.26,77.7,2,0,Leste
1395,10.52,15.9,6,0,Oeste
1396,18.53,75.5,1,0,Sul
1397,18.13,77.1,2,0,Leste
1398,38.44,42.6,3,0,Sul
1399,14.3,29.0,3,0,Leste
1400,28.19,19.7,4,0,Oeste
1401,37.76,18.6,1,0,Leste
1402,33.04,42.5,3,0,Oeste
1403,37.17,3.3,1,0,Sul
1404,38.36,21.2,2,0,Oeste
1405,25.45,19.0,5,0,Norte
1406,28.8,15.0,7,0,Oeste
1407,26.56,38.4,1,0,Sul
1408,28.85,10.2,4,0,Sul
1409,28.37,86.7,1,0,Leste
1410,38.74,68.8,1,0,Oeste
1411,27.33,98.3,2,0,Norte
1412,17.37,21.7,5,0,Sul
1413,29.77,39.1,4,0,Oeste
1414,30.85,64.0,1,0,Sul
1415,18.42,29.8,1,0,Sul
1416,18.1,21.0,1,1,Leste
1417,32.61,36.4,3,0,Sul
1418,20.74,28.1,5,0,Oeste
1419,21.69,14.1,3,0,Leste
1420,21.31,4.9,4,1,Leste
1421,26.96,15.8,1,0,Oeste
1422,33.83,5.0,4,0,Leste
1423,30.35,16.5,6,0,Norte
1424,21.3,103.1,3,0,Sul
1425,35.7,7.5,5,1,Leste
1426,31.96,47.4,3,1,Sul
1427,32.94,88.1,4,0,Oeste
1428,32.68,9.4,2,1,Leste
1429,20.88,139.1,2,0,Sul
1430,17.64,31.2,2,0,Leste
1431,22.29,98.2,6,0,Leste
1432,32.92,41.1,3,0,Oeste
1433,15.56,22.9,4,0,Oeste
1434,14.48,3.2,1,0,Leste
1435,10.49,13.6,2,0,Leste
1436,14.95,57.0,4,0,Leste
1437,18.69,113.3,3,0,Leste
1438,26.0,10.8,2,0,Sul
1439,15.79,31.6,2,0,Sul
1440,30.3,23.2,2,0,Leste
1441,25.36,46.3,2,1,Sul
1442,8.66,35.5,2,0,Norte
1443,24.85,24.6,3,0,Leste
1444,26.13,55.2,3,0,Norte
1445,40.33,19.0,1,0,Leste
1446,26.94,33.4,2,0,Leste
1447,10.85,61.3,2,0,Oeste
1448,26.84,18.5,5,0,Leste
1449,26.4,24.8,2,1,Norte
1450,29.84,21.2,2,0,Leste
1451,46.1,47.5,1,0,Leste
1452,20.71,43.8,1,0,Oeste
1453,19.78,21.9,2,0,Leste
1454,28.75,43.5,5,0,Sul
1455,39.6,3.5,2,0,Oeste
1456,30.37,64.6,2,1,Sul
1457,22.26,67.8,2,0,Leste
1458,32.88,22.1,2,0,Leste
1459,39.35,18.8,2,0,Norte
1460,18.85,31.6,1,0,Sul
1461,16.99,16.0,2,0,Sul
1462,25.45,18.1,2,0,Leste
1463,27.41,42.4,4,0,Oeste
1464,36.07,63.3,6,0,Sul
1465,21.25,42.7,8,1,Leste
1466,28.22,333.3,6,0,Norte
1467,37.46,89.9,1,1,Leste
1468,26.79,59.6,4,0,Norte
1469,21.84,57.9,5,0,Oeste
1470,29.56,35.5,2,0,Leste
1471,22.36,49.6,2,0,Leste
1472,27.7,38.8,5,0,Leste
1473,23.51,76.8,2,0,Leste
1474,23.85,26.5,1,0,Oeste
1475,21.78,25.4,2,0,Leste
1476,20.41,85.0,3,0,Oeste
1477,32.95,22.9,1,0,Leste
1478,26.52,15.5,4,0,Sul
1479,35.19,18.2,3,0,Leste
1480,7.0,60.3,6,0,Sul
1481,20.84,280.8,4,0,Leste
1482,19.07,16.3,4,0,Leste
1483,22.97,55.5,2,0,Leste
1484,16.74,37.5,3,0,Norte
1485,12.14,81.7,5,0,Sul
1486,30.38,55.1,3,0,Leste
1487,20.25,85.8,2,0,Oeste
1488,29.45,41.8,3,0,Sul
1489,15.57,17.0,6,0,Leste
1490,11.91,19.2,4,0,Leste
1491,26.93,39.2,2,0,Leste
1492,30.06,48.1,5,0,Sul
1493,20.08,24.4,1,0,Leste
1494,16.86,166.0,3,0,Sul
1495,34.99,70.3,3,0,Oeste
1496,24.54,6.3,3,0,Sul
1497,17.01,30.0,6,0,Sul
1498,13.02,14.5,2,0,Norte
1499,19.49,152.2,2,0,Sul
1500,21.85,5.6,2,0,Leste
1501,31.1,46.3,2,0,Sul
1502,24.87,36.5,3,0,Norte
1503,23.92,63.5,4,0,Leste
1504,17.68,42.9,4,0,Norte
1505,36.05,173.4,3,0,Norte
1506,32.81,69.0,2,0,Leste
1507,32.17,7.6,2,0,Leste
1508,24.51,101.8,5,0,Oeste
1509,28.21,39.0,3,0,Oeste
1510,4.4,102.0,2,0,Leste
1511,26.62,25.7,2,0,Norte
1512,40.38,14.2,6,0,Leste
1513,20.36,12.2,2,1,Leste
1514,17.12,77.4,3,0,Leste
1515,23.86,62.7,5,0,Leste
1516,18.11,20.6,3,0,Sul
1517,17.61,3.9,3,0,Leste
1518,27.12,79.8,2,1,Leste
1519,31.6,6.5,2,0,Oeste
1520,27.19,188.5,2,1,Sul
1521,15.83,10.4,3,0,Sul
1522,19.65,33.5,3,1,Sul
1523,27.57,39.8,1,0,Leste
1524,30.26,44.3,4,0,Sul
1525,23.34,42.9,4,0,Norte
1526,17.85,36.8,2,0,Oeste
1527,31.2,23.4,4,0,Norte
1528,39.5,27.7,5,0,Leste
1529,33.99,19.7,5,0,Sul
1530,40.88,36.3,3,0,Leste
1531,20.03,8.1,2,0,Leste
1532,33.25,42.6,1,0,Oeste
1533,35.31,30.6,4,0,Oeste
1534,1373.43,64.9,3,0,Norte
1535,18.39,26.0,1,0,Norte
1536,17.31,53.6,6,0,Sul
1537,24.27,51.5,5,0,Leste
1538,12.95,29.6,2,0,Oeste
1539,38.52,43.9,5,0,Leste
1540,14.73,11.3,4,0,Leste
1541,28.37,96.9,5,0,Sul
1542,6.9,21.4,4,0,Leste
1543,41.36,28.7,2,0,Oeste
1544,35.0,14.3,4,0,Sul
1545,12.25,17.9,3,1,Leste
1546,27.44,123.3,3,0,Norte
1547,23.07,37.0,3,0,Leste
1548,26.24,26.1,2,0,Leste
1549,30.08,26.0,6,0,Sul
1550,18.6,33.2,5,0,Leste
1551,24.57,59.0,2,1,Sul
1552,10.52,38.7,4,0,Leste
1553,25.67,39.3,4,0,Leste
1554,8.53,15.8,5,1,Norte
1555,35.45,26.2,2,0,Leste
1556,13.28,37.5,2,0,Leste
1557,27.35,32.3,3,0,Sul
1558,31.63,23.7,2,0,Norte
1559,39.91,22.1,2,0,Leste
1560,39.19,46.9,1,1,Oeste
1561,36.15,47.9,3,0,Sul
1562,24.87,73.1,3,0,Sul
1563,33.93,38.7,2,0,Sul
1564,27.21,6.3,2,0,Leste
1565,27.89,218.5,4,0,Sul
1566,20.04,32.9,3,0,Sul
1567,38.93,23.9,2,0,Leste
1568,18.58,31.6,2,0,Leste
1569,16.44,24.1,2,0,Sul
1570,28.26,17.2,3,0,Leste
1571,10.66,54.1,5,0,Leste
1572,25.94,29.4,2,0,Norte
1573,38.08,30.8,1,0,Norte
1574,28.32,4.5,2,0,Oeste
1575,25.25,27.6,3,0,Norte
1576,18.28,14.0,1,0,Leste
1577,12.98,21.8,4,0,Oeste
1578,31.91,40.0,2,0,Sul
1579,25.22,20.3,2,0,Sul
1580,30.0,22.6,8,0,Leste
1581,7.46,35.8,2,0,Oeste
1582,30.86,22.1,2,0,Oeste
1583,40.89,14.2,1,0,Leste
1584,35.73,8.4,6,0,Norte
1585,27.37,43.3,2,1,Leste
1586,16.64,21.9,3,0,Leste
1587,25.97,8.7,1,0,Leste
1588,26.23,89.7,3,0,Norte
1589,21.04,43.4,3,0,Sul
1590,21.65,12.8,5,0,Leste
1591,41.79,18.8,3,0,Leste
1592,17.27,76.5,3,1,Sul
1593,21.57,28.8,3,0,Sul
1594,29.49,23.7,1,0,Oeste
1595,42.45,60.4,6,0,Leste
1596,22.59,29.0,2,0,Sul
1597,10.61,88.6,7,0,Sul
1598,7.91,23.8,4,0,Sul
1599,45.16,21.0,4,0,Oeste
1600,9.73,33.6,3,1,Leste
1601,25.61,71.6,2,0,Leste
1602,12.9,40.4,6,0,Leste
1603,18.69,36.0,1,0,Sul
1604,19.81,17.4,3,0,Leste
1605,9.36,15.4,4,0,Leste
1606,34.75,71.7,2,0,Sul
1607,28.45,78.0,3,0,Sul
1608,21.58,76.0,2,0,Leste
1609,20.4,62.4,3,0,Oeste
1610,33.71,47.3,2,0,Sul
1611,25.72,46.8,2,1,Oeste
1612,41.69,36.9,5,0,Leste
1613,21.42,51.9,4,0,Sul
1614,28.4,32.0,4,0,Norte
1615,15.15,51.8,2,0,Sul
1616,21.53,69.0,2,0,Leste
1617,33.3,12.1,4,1,Sul
1618,34.43,79.6,6,0,Sul
1619,39.73,31.6,2,0,Leste
1620,28.56,106.3,6,0,Leste
1621,34.89,91.5,2,0,Sul
1622,29.99,14.5,3,0,Leste
1623,21.7,33.1,3,0,Leste
1624,12.89,7.4,2,1,Leste
1625,23.15,24.3,3,0,Leste
1626,15.84,44.0,3,0,Sul
1627,33.44,65.2,3,0,Leste
1628,33.89,35.0,3,0,Leste
1629,16.88,47.2,4,0,Leste
1630,33.9,18.9,1,0,Leste
1631,15.56,32.6,5,0,Leste
1632,36.56,20.7,2,0,Sul
1633,23.71,41.5,1,0,Leste
1634,28.67,100.7,2,0,Leste
1635,36.59,31.6,1,1,Leste
1636,29.78,11.1,2,0,Sul
1637,23.93,38.7,2,0,Oeste
1638,32.0,58.2,3,0,Leste
1639,17.26,15.9,3,1,Norte
1640,9.57,89.4,1,1,Leste
1641,34.17,20.6,3,0,Leste
1642,14.5,18.0,3,0,Leste
1643,32.37,8.0,4,0,Leste
1644,26.13,41.1,6,0,Oeste
1645,24.88,141.6,3,0,Sul
1646,17.44,44.4,2,0,Leste
1647,21.4,18.4,3,0,Oeste
1648,25.11,49.9,1,0,Oeste
1649,26.59,62.8,6,0,Leste
1650,17.78,83.8,2,0,Oeste
1651,30.95,12.3,2,0,Norte
1652,31.46,114.7,2,0,Oeste
1653,28.87,39.3,3,0,Sul
1654,21.49,134.6,2,0,Sul
1655,31.88,37.5,4,0,Sul
1656,29.97,52.5,5,1,Leste
1657,9.37,15.5,3,0,Sul
1658,26.69,72.8,3,0,Sul
1659,40.47,14.0,3,0,Sul
1660,32.78,41.1,3,0,Sul
1661,34.23,23.5,2,0,Leste
1662,19.39,30.9,3,0,Leste
1663,26.01,78.9,3,1,Sul
1664,23.53,24.9,3,0,Leste
1665,24.98,80.2,6,1,Oeste
1666,20.89,23.9,3,0,Leste
1667,15.12,36.8,4,0,Sul
1668,25.51,184.9,1,1,Leste
1669,18.75,36.5,3,0,Sul
1670,29.69,31.2,3,0,Sul
1671,24.75,37.0,2,0,Sul
1672,9.58,25.4,3,0,Leste
1673,36.05,14.9,2,0,Sul
1674,28.48,172.0,3,0,Norte
1675,21.34,23.9,5,0,Sul
1676,22.31,9.8,4,0,Oeste
1677,15.18,29.2,2,0,Leste
1678,24.5,44.1,4,0,Sul
1679,30.45,28.0,4,0,Leste
1680,38.96,31.8,5,0,Leste
1681,24.29,29.0,4,0,Leste
1682,25.39,46.5,2,1,Sul
1683,34.54,63.8,3,0,Oeste
1684,15.73,28.4,3,0,Sul
1685,26.16,262.9,3,0,Leste
1686,18.95,76.2,4,0,Norte
1687,26.05,33.0,3,1,Sul
1688,32.49,11.5,1,0,Sul
1689,11.78,36.3,2,0,Leste
1690,33.89,63.5,2,0,Norte
1691,27.88,63.9,2,0,Leste
1692,26.12,7.5,2,0,Sul
1693,35.77,36.3,4,0,Leste
1694,18.67,22.5,1,0,Leste
1695,14.28,109.7,3,0,Leste
1696,16.8,36.6,2,0,Leste
1697,29.26,5.3,3,0,Leste
1698,21.04,44.5,2,0,Sul
1699,18.01,7.0,2,1,Leste
1700,17.18,47.5,2,0,Sul
1701,26.4,262.4,3,1,Leste
1702,24.78,98.3,3,0,Leste
1703,13.65,40.7,3,0,Sul
1704,13.92,19.5,3,0,Sul
1705,20.78,91.8,2,0,Leste
1706,32.34,55.1,2,0,Leste
1707,21.59,26.7,3,0,Oeste
1708,13.19,21.5,3,0,Leste
1709,24.31,16.0,4,0,Leste
1710,25.3,44.7,3,0,Oeste
1711,13.12,23.7,2,0,Norte
1712,15.26,37.9,3,0,Sul
1713,30.95,69.6,3,0,Leste
1714,15.16,23.3,3,0,Leste
1715,31.29,55.5,3,0,Oeste
1716,12.63,88.0,3,1,Leste
1717,12.92,45.4,2,0,Norte
1718,25.19,58.0,1,0,Leste
1719,18.96,45.7,2,1,Sul
1720,20.72,33.5,6,0,Sul
1721,26.21,64.7,5,0,Leste
1722,20.49,120.0,4,0,Norte
1723,17.41,65.6,3,0,Leste
1724,28.92,28.4,3,0,Leste
1725,26.45,29.0,3,0,Leste
1726,25.35,29.8,3,0,Norte
1727,24.85,70.7,1,0,Sul
1728,18.58,21.7,2,1,Norte
1729,16.92,14.6,2,0,Oeste
1730,22.24,48.2,1,0,Leste
1731,18.72,33.7,5,0,Leste
1732,24.9,108.3,3,0,Sul
1733,21.87,5.4,1,0,Oeste
1734,25.14,39.1,3,0,Sul
1735,24.26,24.0,1,0,Sul
1736,39.12,63.3,4,1,Leste
1737,13.91,26.5,3,0,Oeste
1738,23.5,20.9,2,0,Norte
1739,16.14,70.0,2,0,Sul
1740,804.52,92.1,4,0,Oeste
1741,18.46,30.6,4,0,Sul
1742,30.11,31.1,4,0,Sul
1743,13.21,91.5,1,0,Leste
1744,31.25,83.7,1,0,Oeste
1745,29.24,75.6,4,0,Leste
1746,41.44,24.0,4,0,Oeste
1747,39.42,19.6,2,0,Leste
1748,18.62,122.6,5,0,Norte
1749,34.89,53.9,1,0,Oeste
1750,22.41,18.3,2,0,Leste
1751,27.44,30.4,4,0,Sul
1752,38.76,35.4,3,0,Leste
1753,18.93,30.4,3,0,Sul
1754,25.45,26.2,2,0,Norte
1755,9.42,88.6,5,1,Norte
1756,32.1,50.5,3,0,Leste
1757,41.82,200.9,3,1,Leste
1758,29.59,92.6,2,0,Leste
1759,35.94,36.9,5,0,Oeste
1760,34.14,102.9,6,0,Sul
1761,19.35,43.9,3,0,Sul
1762,27.59,229.2,3,0,Sul
1763,28.95,25.7,1,0,Sul
1764,15.67,47.6,4,0,Sul
1765,36.56,20.5,3,0,Leste
1766,20.96,24.4,6,0,Oeste
1767,23.27,25.2,7,0,Oeste
1768,22.89,89.0,4,0,Sul
1769,25.3,39.1,4,0,Oeste
1770,48.44,4.6,4,0,Sul
1771,20.15,35.7,3,0,Sul
1772,12.63,15.2,4,0,Oeste
1773,26.31,23.3,3,1,Leste
1774,18.1,83.1,1,1,Sul
1775,21.73,11.3,3,0,Leste
1776,29.96,12.4,3,0,Sul
1777,1274.51,8.8,3,0,Leste
1778,22.09,24.3,3,0,Leste
1779,27.34,8.6,2,0,Oeste
1780,18.77,9.2,3,0,Norte
1781,24.68,27.6,6,0,Sul
1782,27.34,42.6,2,1,Leste
1783,24.07,16.0,1,0,Leste
1784,26.26,44.2,3,0,Sul
1785,27.85,36.2,1,0,Leste
1786,19.61,51.0,4,1,Oeste
1787,13.25,14.4,3,0,Oeste
1788,16.72,161.9,4,0,Leste
1789,15.41,13.3,5,0,Oeste
1790,34.86,20.1,2,0,Leste
1791,11.11,50.0,2,0,Leste
1792,30.02,36.4,2,0,Sul
1793,19.52,65.2,3,0,Sul
1794,33.28,25.8,2,0,Sul
1795,21.62,12.4,4,0,Leste
1796,25.25,9.8,5,0,Sul
1797,29.14,137.5,3,0,Oeste
1798,35.03,26.0,4,0,Sul
1799,20.44,29.0,2,0,Norte
1800,20.07,139.9,2,0,Leste
1801,29.09,22.3,5,1,Norte
1802,12.3,33.8,4,0,Sul
1803,11.26,14.5,2,0,Sul
1804,27.94,11.6,4,0,Leste
1805,30.35,150.2,3,0,Leste
1806,27.67,151.9,3,0,Leste
1807,24.22,75.0,5,0,Leste
1808,20.69,73.0,3,0,Leste
1809,37.7,60.6,3,0,Sul
1810,38.74,18.3,5,0,Sul
1811,25.86,41.8,5,0,Leste
1812,19.53,22.1,3,0,Norte
1813,16.93,4.2,2,0,Norte
1814,28.45,81.1,2,0,Leste
1815,15.17,51.6,3,0,Leste
1816,15.36,11.5,3,1,Sul
1817,21.13,24.8,3,0,Sul
1818,29.06,76.8,3,0,Oeste
1819,36.75,36.8,3,0,Oeste
1820,27.01,8.5,3,0,Leste
1821,28.97,12.5,3,0,Leste
1822,32.86,146.3,3,0,Leste
1823,32.12,34.9,7,0,Oeste
1824,20.58,77.2,3,0,Oeste
1825,31.97,144.1,2,0,Sul
1826,33.25,22.9,4,0,Leste
1827,27.49,43.9,2,0,Sul
1828,26.09,6.9,6,1,Sul
1829,29.8,20.4,3,0,Leste
1830,28.96,52.5,2,0,Leste
1831,10.1,28.4,3,1,Oeste
1832,28.43,47.5,2,0,Norte
1833,34.43,69.7,1,0,Leste
1834,32.91,51.8,6,0,Oeste
1835,28.02,43.1,4,0,Oeste
1836,26.18,38.6,2,0,Sul
1837,21.82,21.0,5,0,Sul
1838,24.08,15.8,1,0,Leste
1839,30.82,98.0,3,1,Sul
1840,28.08,62.4,1,0,Oeste
1841,32.23,17.6,5,0,Oeste
1842,20.85,34.9,5,0,Sul
1843,33.67,10.9,3,0,Sul
1844,20.05,22.6,3,0,Norte
1845,26.62,50.8,4,1,Oeste
1846,20.5,40.8,2,0,Sul
1847,24.21,36.3,5,0,Leste
1848,41.27,16.3,1,0,Leste
1849,29.07,13.9,3,1,Leste
1850,26.8,70.8,1,0,Norte
1851,36.3,128.4,1,0,Sul
1852,4.48,51.4,7,0,Oeste
1853,23.73,28.9,3,0,Oeste
1854,21.0,88.2,2,0,Leste
1855,18.14,16.9,3,1,Norte
1856,12.77,76.9,5,0,Sul
1857,23.25,20.5,2,0,Leste
1858,30.55,21.4,6,0,Sul
1859,23.82,25.4,2,0,Oeste
1860,31.39,30.5,1,0,Leste
1861,25.57,68.9,2,0,Norte
1862,34.33,11.7,2,0,Oeste
1863,20.98,20.4,1,0,Oeste
1864,10.02,39.2,5,0,Norte
1865,12.36,51.7,2,1,Leste
1866,21.02,8.5,3,1,Sul
1867,17.96,17.6,5,0,Sul
1868,20.28,8.2,3,0,Sul
1869,34.11,18.9,5,0,Leste
1870,12.99,23.3,3,0,Oeste
1871,37.07,49.5,5,0,Leste
1872,18.55,5.3,5,0,Norte
1873,15.05,55.8,4,0,Leste
1874,23.89,22.0,4,0,Sul
1875,36.99,25.2,2,0,Oeste
1876,19.3,72.0,2,0,Leste
1877,20.19,97.1,4,0,Sul
1878,20.73,19.6,3,0,Sul
1879,34.2,19.5,4,0,Leste
1880,21.43,24.9,2,0,Sul
1881,28.57,19.4,3,0,Leste
1882,25.96,10.5,3,0,Sul
1883,24.12,32.3,3,0,Sul
1884,21.01,19.5,2,0,Leste
1885,40.75,35.8,3,0,Oeste
1886,47.34,129.9,3,0,Oeste
1887,17.93,30.4,2,0,Sul
1888,1324.5,18.1,3,0,Sul
1889,25.33,26.6,5,0,Sul
1890,6.82,36.7,4,1,Leste
1891,25.39,29.0,1,0,Leste
1892,41.06,21.1,5,0,Oeste
1893,20.21,8.8,3,0,Oeste
1894,33.64,55.0,3,0,Sul
1895,36.75,16.2,3,0,Leste
1896,18.11,106.7,4,0,Oeste
1897,26.43,24.7,1,0,Leste
1898,27.83,21.9,2,0,Norte
1899,30.83,22.7,2,0,Sul
1900,31.41,37.3,2,0,Leste
1901,33.98,16.6,3,0,Sul
1902,18.74,19.3,2,0,Sul
1903,26.39,54.5,2,0,Norte
1904,36.86,14.7,2,0,Leste
1905,37.72,51.3,4,0,Sul
1906,26.8,64.2,1,0,Norte
1907,20.75,56.5,2,1,Sul
1908,33.28,39.9,2,0,Leste
1909,29.29,7.8,4,0,Oeste
1910,29.12,12.6,5,0,Leste
1911,31.21,11.2,2,0,Leste
1912,17.39,24.5,3,0,Oeste
1913,31.78,34.0,5,1,Sul
1914,26.24,12.8,3,0,Sul
1915,34.13,28.8,1,0,Sul
1916,25.16,57.2,1,0,Sul
1917,29.67,14.9,3,1,Sul
1918,28.66,17.2,5,0,Oeste
1919,20.63,85.2,1,0,Leste
1920,17.79,15.8,1,0,Leste
1921,31.45,43.5,1,0,Oeste
1922,604.26,89.2,3,0,Norte
1923,22.31,12.9,2,0,Sul
1924,22.07,13.7,4,0,Leste
1925,27.94,27.5,2,0,Leste
1926,30.41,35.0,4,0,Norte
1927,12.55,19.8,3,0,Leste
1928,19.2,160.3,2,0,Leste
1929,18.82,51.0,3,0,Leste
1930,23.18,17.4,3,0,Leste
1931,9.06,11.1,2,0,Sul
1932,34.07,31.5,4,0,Norte
1933,25.48,47.0,2,0,Leste
1934,23.93,144.4,2,0,Sul
1935,31.04,35.2,2,0,Oeste
1936,29.14,27.3,1,0,Leste
1937,29.05,15.2,3,0,Sul
1938,24.87,44.5,3,0,Leste
1939,25.84,74.7,2,0,Leste
1940,31.75,7.9,3,0,Sul
1941,29.26,35.2,1,0,Leste
1942,38.83,14.6,4,0,Oeste
1943,26.12,11.2,3,0,Leste
1944,30.21,128.4,2,0,Norte
1945,24.02,67.3,4,0,Leste
1946,27.59,20.4,2,0,Leste
1947,28.01,29.1,3,0,Sul
1948,21.45,25.7,3,0,Sul
1949,19.83,13.5,1,0,Oeste
1950,30.13,21.5,7,0,Norte
1951,28.64,62.0,3,0,Leste
1952,36.74,21.1,1,0,Leste
1953,25.04,48.0,4,0,Leste
1954,17.04,21.2,2,0,Norte
1955,25.09,12.8,2,1,Leste
1956,31.16,86.1,3,1,Sul
1957,8.03,6.0,3,0,Leste
1958,24.95,138.1,2,0,Leste
1959,30.33,73.6,4,0,Leste
1960,26.88,38.3,1,0,Oeste
1961,22.13,23.2,5,0,Leste
1962,15.38,24.7,1,0,Sul
1963,24.9,38.9,5,0,Oeste
1964,15.21,38.4,1,0,Leste
1965,30.38,15.4,1,0,Sul
1966,25.49,35.0,2,0,Sul
1967,36.96,40.7,3,0,Leste
1968,9.37,26.0,3,0,Sul
1969,22.28,198.6,4,0,Leste
1970,30.87,29.7,4,0,Leste
1971,34.14,8.1,4,0,Sul
1972,31.19,14.8,1,0,Leste
1973,17.38,58.1,2,0,Norte
1974,21.15,18.6,2,0,Leste
1975,7.11,15.0,2,0,Leste
1976,25.36,101.1,2,1,Leste
1977,34.31,37.9,2,0,Leste
1978,25.06,20.5,4,0,Leste
1979,29.61,3.6,3,0,Leste
1980,29.4,54.4,6,0,Norte
1981,22.47,33.5,2,0,Sul
1982,5.55,93.7,3,0,Leste
1983,35.73,13.8,2,0,Oeste
1984,28.46,24.6,1,0,Leste
1985,14.99,42.1,3,0,Leste
1986,27.97,90.4,2,0,Sul
1987,26.6,40.7,2,0,Leste
1988,35.49,18.8,3,0,Leste
1989,28.78,93.5,3,0,Sul
1990,28.81,25.8,3,0,Norte
1991,26.59,38.2,5,0,Oeste
1992,18.84,60.4,2,0,Sul
1993,30.38,115.6,2,0,Sul
1994,24.8,44.5,4,0,Norte
1995,1031.83,262.4,4,0,Oeste
1996,19.73,30.8,3,0,Leste
1997,15.91,41.9,3,1,Leste
1998,33.48,20.2,2,0,Oeste
1999,40.83,42.9,5,0,Sul
2000,34.24,42.0,3,0,Leste
2001,28.01,76.4,6,0,Norte
2002,24.48,47.3,4,0,Sul
2003,22.67,21.7,4,1,Leste
2004,17.11,40.7,2,0,Leste
2005,40.57,19.3,5,0,Sul
2006,16.73,51.4,1,0,Sul
2007,18.2,21.2,2,0,Leste
2008,23.44,10.8,3,0,Norte
2009,24.1,13.4,1,0,Sul
2010,29.82,12.9,3,0,Sul
2011,19.61,21.7,2,0,Sul
2012,9.09,16.8,3,0,Leste
2013,23.15,32.5,7,1,Sul
2014,23.69,24.2,4,0,Sul
2015,23.04,50.0,4,0,Leste
2016,22.93,45.0,3,0,Oeste
2017,22.2,25.6,4,0,Sul
2018,14.4,89.5,3,1,Norte
2019,36.7,15.8,2,0,Sul
2020,36.24,74.1,5,0,Leste
2021,36.16,37.5,5,1,Leste
2022,15.52,24.2,6,0,Leste
2023,28.23,81.7,1,1,Oeste
2024,21.62,51.7,2,0,Leste
2025,21.18,14.0,1,0,Leste
2026,17.57,44.3,2,0,Leste
2027,45.52,44.3,2,0,Norte
2028,23.01,74.1,2,1,Oeste
2029,17.62,52.9,1,0,Sul
2030,26.11,56.0,4,0,Sul
2031,31.11,23.3,3,0,Leste
2032,23.87,28.0,1,0,Sul
2033,26.95,27.1,2,0,Leste
2034,33.02,9.2,3,1,Leste
2035,17.36,92.7,8,0,Leste
2036,1071.95,13.5,6,0,Leste
2037,19.89,41.1,4,0,Sul
2038,18.81,25.4,1,0,Leste
2039,39.02,27.4,2,0,Leste
2040,24.28,56.9,3,0,Leste
2041,16.5,17.7,2,0,Leste
2042,24.11,47.7,2,0,Sul
2043,15.32,48.1,2,0,Leste
2044,23.26,17.8,6,0,Sul
2045,19.57,68.6,3,0,Oeste
2046,29.09,98.9,2,0,Sul
2047,40.5,167.3,4,0,Leste
2048,23.6,26.9,6,0,Norte
2049,19.87,38.6,2,0,Sul
2050,25.73,40.5,4,0,Leste
2051,36.93,56.4,2,0,Oeste
2052,29.13,134.1,4,0,Leste
2053,23.87,48.9,6,0,Oeste
2054,8.47,50.0,3,1,Leste
2055,24.58,13.8,2,0,Leste
2056,31.21,170.5,1,0,Sul
2057,32.66,22.6,2,0,Leste
2058,35.49,3.9,4,0,Sul
2059,19.6,5.4,5,0,Oeste
2060,21.78,43.0,2,0,Oeste
2061,24.04,12.0,6,0,Oeste
2062,30.68,34.6,3,0,Leste
2063,22.89,10.0,4,0,Leste
2064,29.2,42.3,2,0,Leste
2065,21.93,52.0,4,0,Sul
2066,19.35,38.1,2,0,Leste
2067,33.88,19.0,6,0,Norte
2068,27.5,66.9,5,0,Leste
2069,30.97,24.1,3,0,Sul
2070,23.35,28.5,4,0,Sul
2071,31.43,22.0,2,0,Sul
2072,16.5,26.7,3,0,Leste
2073,17.77,148.0,2,0,Leste
2074,32.54,33.0,6,0,Norte
2075,24.44,12.0,2,0,Leste
2076,23.03,15.4,3,0,Sul
2077,17.64,26.6,1,0,Leste
2078,31.44,17.5,2,0,Leste
2079,39.92,70.8,1,1,Leste
2080,29.86,10.7,4,0,Leste
2081,21.41,30.1,1,0,Sul
2082,36.09,74.3,5,0,Leste
2083,27.88,20.0,2,0,Leste
2084,21.54,47.1,3,1,Leste
2085,35.21,32.1,3,0,Leste
2086,23.56,32.3,3,0,Norte
2087,13.46,49.9,2,0,Leste
2088,22.46,7.5,3,0,Leste
2089,29.26,86.7,1,0,Sul
2090,19.26,7.3,6,0,Norte
2091,10.02,82.2,5,0,Norte
2092,36.76,46.9,5,1,Oeste
2093,48.95,48.4,2,0,Leste
2094,21.2,120.5,2,0,Sul
2095,19.96,85.4,4,0,Sul
2096,1492.02,63.5,2,0,Leste
2097,18.43,26.2,4,0,Leste
2098,12.78,24.8,1,0,Norte
2099,14.56,64.9,2,0,Sul
2100,25.02,47.6,4,0,Oeste
2101,12.37,42.1,3,1,Norte
2102,13.25,31.6,4,0,Sul
2103,26.66,23.9,3,0,Oeste
2104,20.06,10.9,2,0,Leste
2105,27.85,55.4,3,0,Sul
2106,22.26,28.6,2,0,Norte
2107,23.52,27.2,2,0,Norte
2108,31.24,7.8,4,1,Sul
2109,20.61,35.7,7,0,Oeste
2110,30.68,11.1,2,1,Leste
2111,21.64,23.4,3,0,Leste
2112,18.43,62.4,6,0,Oeste
2113,16.41,34.8,3,0,Leste
2114,11.75,30.4,1,1,Sul
2115,15.08,18.5,5,0,Leste
2116,10.81,21.4,2,0,Oeste
2117,17.04,117.7,2,0,Leste
2118,31.57,61.8,1,0,Norte
2119,24.93,22.9,2,0,Leste
2120,21.9,30.4,4,1,Leste
2121,19.47,40.4,4,0,Oeste
2122,24.35,47.0,3,0,Sul
2123,25.24,32.5,1,1,Leste
2124,16.08,8.0,3,0,Oeste
2125,28.71,32.3,2,1,Leste
2126,22.39,30.8,4,0,Leste
2127,27.37,171.7,1,0,Norte
2128,24.74,285.3,2,0,Sul
2129,13.65,55.4,4,1,Sul
2130,35.41,19.3,5,0,Oeste
2131,24.91,57.0,1,0,Sul
2132,22.06,8.5,3,0,Leste
2133,29.66,21.6,2,0,Leste
2134,15.74,9.0,2,0,Sul
2135,12.41,51.4,3,0,Leste
2136,29.45,12.6,2,1,Leste
2137,34.17,26.3,5,0,Oeste
2138,27.29,32.0,4,0,Leste
2139,31.45,32.4,4,0,Leste
2140,14.87,22.7,4,0,Sul
2141,22.13,43.4,5,0,Oeste
2142,19.74,12.1,2,0,Sul
2143,33.22,133.1,4,0,Leste
2144,28.95,14.5,4,0,Sul
2145,33.25,34.2,4,0,Oeste
2146,20.06,54.6,5,0,Leste
2147,15.95,57.2,2,0,Leste
2148,35.63,61.6,2,0,Sul
2149,25.21,9.3,1,0,Leste
2150,33.52,15.9,7,0,Leste
2151,24.48,36.9,1,0,Leste
2152,42.63,48.7,2,0,Sul
2153,34.42,90.5,4,0,Oeste
2154,23.72,22.0,2,0,Oeste
2155,25.16,16.1,3,0,Sul
2156,25.19,21.4,2,0,Leste
2157,15.91,201.9,2,0,Leste
2158,21.14,110.0,3,0,Leste
2159,20.54,28.9,3,0,Sul
2160,26.86,92.6,3,0,Leste
2161,18.48,20.9,3,0,Leste
2162,23.8,71.1,3,0,Leste
2163,22.07,11.0,3,0,Leste
2164,25.61,44.0,5,0,Leste
2165,36.74,74.9,2,0,Leste
2166,33.76,25.5,2,1,Norte
2167,14.52,54.1,3,0,Oeste
2168,24.59,21.1,3,0,Leste
2169,22.58,42.2,4,0,Sul
2170,19.83,22.5,3,0,Sul
2171,42.22,63.8,2,0,Leste
2172,20.79,12.0,4,0,Oeste
2173,21.34,14.7,6,0,Sul
2174,39.04,94.1,3,0,Leste
2175,32.75,4.6,4,0,Norte
2176,21.45,19.8,2,0,Leste
2177,31.08,29.6,5,0,Oeste
2178,23.08,43.9,4,0,Leste
2179,23.62,22.6,3,0,Sul
2180,18.56,13.5,4,0,Leste
2181,5.54,88.3,3,0,Sul
2182,13.6,76.9,2,0,Leste
2183,16.16,24.4,2,0,Leste
2184,28.35,7.9,4,0,Leste
2185,26.23,42.3,5,0,Sul
2186,33.69,38.3,6,1,Oeste
2187,15.37,19.4,4,0,Leste
2188,39.29,6.9,3,0,Sul
2189,38.55,26.6,1,0,Leste
2190,25.28,61.1,4,0,Leste
2191,19.51,69.0,4,0,Leste
2192,19.92,32.0,4,1,Leste
2193,26.59,20.1,2,0,Leste
2194,40.06,59.6,3,0,Sul
2195,24.24,13.3,4,0,Leste
2196,12.34,11.2,2,0,Leste
2197,848.6,30.9,5,0,Sul
2198,21.8,114.1,3,0,Leste
2199,36.63,117.6,3,0,Oeste
2200,30.01,11.5,3,0,Oeste
2201,23.81,23.3,2,1,Sul
2202,32.73,232.1,3,0,Sul
2203,19.12,19.1,2,0,Leste
2204,22.67,121.0,6,0,Sul
2205,20.75,72.3,4,0,Oeste
2206,23.39,85.9,2,1,Sul
2207,29.38,23.2,3,0,Sul
2208,29.32,23.7,4,0,Leste
2209,12.56,16.0,4,0,Sul
2210,20.72,62.7,6,1,Leste
2211,22.1,8.9,2,0,Leste
2212,29.69,29.1,1,0,Sul
2213,13.8,122.4,1,0,Sul
2214,30.65,53.3,5,1,Leste
2215,15.99,73.9,1,0,Sul
2216,864.2,8.9,2,0,Leste
2217,33.92,15.0,2,0,Leste
2218,15.18,85.4,3,0,Leste
2219,26.93,36.6,2,0,Oeste
2220,23.52,14.4,4,0,Oeste
2221,17.18,54.7,5,0,Oeste
2222,15.2,21.6,3,0,Sul
2223,705.77,252.2,4,0,Sul
2224,18.52,53.5,3,0,Sul
2225,23.36,15.8,3,0,Oeste
2226,21.59,67.0,3,0,Oeste
2227,28.39,120.5,3,0,Oeste
2228,31.47,33.0,5,0,Sul
2229,12.77,17.9,2,0,Oeste
2230,22.99,34.3,2,0,Leste
2231,17.4,20.3,2,0,Norte
2232,16.32,26.9,6,0,Leste
2233,12.45,10.9,5,1,Norte
2234,11.86,66.7,2,0,Leste
2235,20.85,13.2,3,0,Sul
2236,28.14,53.9,5,0,Leste
2237,28.11,26.0,1,1,Leste
2238,16.58,39.6,4,0,Oeste
2239,15.77,22.7,4,0,Leste
2240,26.91,38.7,4,0,Leste
2241,21.55,46.8,5,0,Leste
2242,32.12,25.0,3,0,Oeste
2243,16.11,8.3,3,0,Sul
2244,10.14,43.4,2,1,Leste
2245,29.9,45.3,4,0,Sul
2246,9.88,10.5,4,0,Norte
2247,13.43,15.1,3,0,Leste
2248,19.65,25.1,3,0,Oeste
2249,22.72,5.3,3,0,Sul
2250,29.81,58.3,6,0,Leste
2251,16.89,22.4,4,0,Oeste
2252,35.54,41.7,3,1,Oeste
2253,12.87,14.2,4,0,Sul
2254,22.02,166.3,5,0,Oeste
2255,31.64,10.6,4,0,Sul
2256,32.06,22.2,2,0,Leste
2257,1.36,86.4,1,0,Norte
2258,46.66,13.2,8,0,Norte
2259,22.42,35.6,3,0,Leste
2260,27.23,54.7,5,0,Leste
2261,22.33,9.9,1,0,Sul
2262,42.08,19.4,2,0,Sul
2263,35.31,38.6,3,1,Leste
2264,41.86,47.6,2,0,Norte
2265,28.79,17.2,1,0,Leste
2266,32.3,144.4,2,0,Norte
2267,16.64,48.7,2,0,Sul
2268,22.88,61.6,1,0,Sul
2269,32.3,58.8,3,0,Leste
2270,355.21,9.5,4,0,Sul
2271,25.85,30.2,3,0,Sul
2272,18.79,32.7,9,0,Oeste
2273,34.32,27.0,2,0,Leste
2274,34.21,39.1,2,0,Norte
2275,33.34,6.1,6,1,Leste
2276,27.34,36.7,3,0,Oeste
2277,25.08,26.0,2,0,Sul
2278,33.99,6.1,3,0,Norte
2279,32.49,46.4,3,0,Leste
2280,17.86,12.9,4,0,Leste
2281,27.53,24.4,4,0,Leste
2282,30.26,27.0,2,0,Norte
2283,19.62,7.6,2,0,Sul
2284,32.23,8.3,5,0,Leste
2285,30.74,51.2,4,0,Sul
2286,21.67,20.4,3,0,Leste
2287,14.15,24.2,4,1,Leste
2288,29.69,35.1,4,0,Sul
2289,40.72,8.1,2,0,Oeste
2290,27.04,23.9,4,0,Leste
2291,30.13,30.3,1,0,Leste
2292,15.68,135.9,2,0,Norte
2293,24.62,15.9,4,0,Sul
2294,24.11,62.2,1,0,Leste
2295,17.91,33.1,3,0,Sul
2296,28.52,13.4,4,0,Oeste
2297,28.21,20.0,5,0,Sul
2298,22.65,66.2,2,0,Leste
2299,24.9,61.7,4,0,Sul
2300,41.42,21.8,1,0,Leste
2301,20.04,43.6,2,0,Sul
2302,15.95,14.4,2,0,Leste
2303,15.76,28.8,4,0,Sul
2304,26.99,23.5,3,0,Oeste
2305,4.64,69.8,1,1,Norte
2306,20.92,48.0,3,0,Oeste
2307,17.25,19.3,3,0,Leste
2308,24.54,20.9,5,0,Sul
2309,24.58,32.4,4,0,Leste
2310,27.76,29.1,6,0,Norte
2311,29.92,26.5,3,0,Oeste
2312,34.13,25.0,5,0,Leste
2313,22.17,99.8,4,0,Sul
2314,19.67,23.1,6,0,Sul
2315,31.82,42.1,1,1,Norte
2316,11.73,230.0,2,0,Oeste
2317,31.06,16.8,3,0,Norte
2318,26.14,38.6,3,0,Leste
2319,28.59,40.3,2,0,Leste
2320,27.92,32.8,4,0,Oeste
2321,26.09,34.2,7,1,Sul
2322,1332.27,16.4,6,0,Leste
2323,16.12,44.1,1,0,Leste
2324,19.79,7.6,3,0,Leste
2325,39.22,139.5,1,0,Norte
2326,30.38,130.4,4,1,Sul
2327,33.48,25.4,2,0,Sul
2328,22.24,76.8,5,0,Leste
2329,25.63,26.2,3,0,Sul
2330,29.21,33.4,4,0,Leste
2331,34.65,19.2,1,0,Sul
2332,23.78,63.8,3,0,Oeste
2333,28.82,20.8,3,0,Oeste
2334,30.69,62.1,2,0,Leste
2335,32.48,32.0,5,0,Sul
2336,23.39,32.7,2,0,Sul
2337,35.25,10.0,2,0,Norte
2338,13.62,34.7,2,0,Sul
2339,15.96,13.2,4,0,Leste
2340,28.85,34.8,3,0,Leste
2341,1174.32,156.3,1,0,Oeste
2342,23.12,10.9,7,0,Sul
2343,21.46,29.4,3,0,Leste
2344,21.57,19.9,2,0,Leste
2345,17.81,14.4,2,1,Leste
2346,24.64,17.6,5,0,Sul
2347,12.55,107.4,5,0,Leste
2348,34.06,132.8,3,0,Leste
2349,28.06,14.3,6,0,Leste
2350,35.35,45.6,2,0,Oeste
2351,26.29,15.9,1,0,Sul
2352,795.52,19.2,5,1,Norte
2353,26.0,6.4,8,0,Leste
2354,19.4,182.3,4,0,Leste
2355,15.05,79.7,3,0,Sul
2356,17.12,19.7,2,0,Leste
2357,21.59,41.6,3,1,Oeste
2358,17.93,24.0,2,0,Oeste
2359,35.79,70.6,2,0,Sul
2360,19.36,25.2,4,0,Oeste
2361,28.15,28.3,4,0,Leste
2362,29.67,19.5,7,0,Leste
2363,34.9,53.7,4,0,Leste
2364,30.45,193.9,2,0,Leste
2365,23.61,26.4,5,0,Leste
2366,38.65,26.1,4,0,Sul
2367,15.05,32.5,3,0,Leste
2368,17.48,40.8,8,0,Leste
2369,26.76,26.1,2,0,Sul
2370,25.69,24.2,1,0,Oeste
2371,31.54,35.4,2,0,Leste
2372,26.28,8.2,3,0,Leste
2373,27.95,21.4,6,0,Norte
2374,32.97,6.7,2,0,Leste
2375,26.13,22.3,3,0,Sul
2376,30.44,15.5,2,0,Norte
2377,18.95,54.7,3,0,Leste
2378,19.48,18.4,2,0,Leste
2379,32.05,24.7,1,0,Leste
2380,25.97,5.9,2,0,Norte
2381,26.35,75.0,5,0,Leste
2382,19.45,13.9,1,0,Sul
2383,21.73,22.5,3,1,Oeste
2384,27.29,61.7,4,0,Leste
2385,22.59,61.9,2,0,Leste
2386,18.1,13.6,3,0,Sul
2387,18.2,50.5,4,0,Norte
2388,19.9,13.2,5,0,Oeste
2389,22.29,39.9,4,0,Sul
2390,22.79,17.7,6,0,Leste
2391,37.55,14.7,2,0,Leste
2392,32.39,34.1,3,0,Norte
2393,27.38,18.6,3,0,Leste
2394,39.9,166.5,3,0,Leste
2395,24.08,20.2,4,1,Sul
2396,28.8,12.8,3,0,Norte
2397,27.63,16.1,3,0,Sul
2398,1369.0,32.7,6,0,Oeste
2399,19.01,36.2,3,0,Leste
2400,22.56,42.4,3,0,Sul
2401,18.51,68.7,4,0,Norte
2402,28.26,8.7,2,0,Leste
2403,25.03,71.2,4,0,Leste
2404,9.94,15.9,2,0,Leste
2405,29.11,45.7,3,0,Sul
2406,26.73,131.2,3,0,Sul
2407,38.63,17.5,3,0,Leste
2408,32.42,16.9,3,0,Oeste
2409,33.9,14.6,6,1,Sul
2410,15.97,25.3,4,0,Leste
2411,33.95,91.1,1,0,Leste
2412,23.44,13.6,2,0,Leste
2413,19.46,22.3,2,0,Sul
2414,6.24,72.3,1,0,Leste
2415,35.51,54.6,3,0,Leste
2416,22.72,22.2,5,1,Leste
2417,24.02,28.0,4,0,Sul
2418,27.57,68.9,1,0,Sul
2419,39.9,117.4,2,0,Norte
2420,23.19,129.1,4,0,Leste
2421,24.88,99.9,4,0,Sul
2422,32.75,19.4,3,0,Leste
2423,22.77,141.9,2,0,Sul
2424,18.35,18.3,2,0,Leste
2425,7.49,8.8,1,0,Leste
2426,35.69,36.2,4,1,Sul
2427,26.91,107.9,3,0,Sul
2428,29.37,56.3,3,1,Sul
2429,21.11,31.2,4,0,Leste
2430,30.44,41.8,2,1,Leste
2431,20.33,50.7,2,0,Sul
2432,26.3,37.3,4,0,Leste
2433,25.86,26.1,4,1,Sul
2434,34.03,18.3,4,0,Sul
2435,30.18,36.2,2,1,Norte
2436,19.99,30.0,1,0,Oeste
2437,29.81,33.2,4,0,Sul
2438,22.06,76.5,3,0,Sul
2439,18.5,27.2,3,0,Sul
2440,29.41,28.0,4,0,Sul
2441,26.55,38.5,3,0,Leste
2442,15.43,270.6,7,0,Norte
2443,20.88,13.8,2,0,Sul
2444,30.96,79.3,4,0,Leste
2445,28.11,26.1,4,0,Sul
2446,28.45,31.5,2,0,Leste
2447,39.76,11.6,2,0,Leste
2448,32.97,149.1,2,0,Sul
2449,24.07,39.6,2,0,Leste
2450,21.77,56.1,4,0,Sul
2451,19.56,10.0,3,0,Leste
2452,21.32,19.8,3,1,Leste
2453,12.21,46.1,1,0,Sul
2454,15.27,29.1,2,0,Leste
2455,30.26,47.3,6,0,Oeste
2456,37.28,178.1,1,0,Oeste
2457,25.44,49.6,3,0,Leste
2458,19.38,23.1,6,0,Leste
2459,2.24,19.7,2,0,Sul
2460,38.63,18.0,2,0,Sul
2461,14.29,23.5,3,1,Leste
2462,13.22,24.3,2,1,Sul
2463,22.62,36.4,1,0,Oeste
2464,24.66,50.5,4,0,Sul
2465,25.08,46.9,1,0,Sul
2466,18.16,36.8,2,0,Sul
2467,28.33,38.9,3,0,Leste
2468,20.83,251.8,3,0,Leste
2469,21.02,18.6,1,0,Leste
2470,22.77,32.2,4,0,Sul
2471,19.58,7.9,3,0,Leste
2472,14.97,24.4,1,1,Norte
2473,15.49,16.1,4,1,Oeste
2474,16.16,18.5,4,0,Leste
2475,28.65,12.8,3,0,Sul
2476,28.19,11.2,5,0,Leste
2477,22.85,36.5,2,0,Leste
2478,23.25,58.5,3,0,Norte
2479,34.34,17.9,4,0,Oeste
2480,29.11,6.5,3,0,Leste
2481,37.52,36.2,5,0,Sul
2482,20.38,48.2,2,0,Sul
2483,15.68,56.8,2,1,Leste
2484,32.98,14.6,6,0,Leste
2485,24.84,20.4,4,0,Leste
2486,18.58,13.6,3,1,Leste
2487,28.91,18.3,6,0,Leste
2488,19.36,17.6,5,0,Oeste
2489,30.51,22.0,5,0,Leste
2490,28.89,27.1,6,0,Leste
2491,23.19,36.3,4,0,Sul
2492,11.51,16.8,4,0,Sul
2493,17.61,29.6,2,0,Sul
2494,37.15,16.0,6,0,Leste
2495,38.96,8.1,9,0,Oeste
2496,45.75,51.0,1,0,Norte
2497,28.2,19.5,3,0,Norte
2498,16.28,8.3,1,0,Oeste
2499,35.71,51.9,1,1,Sul
2500,22.89,27.1,3,0,Leste
2501,19.54,47.6,1,0,Leste
2502,27.68,46.3,3,0,Leste
2503,40.18,13.8,3,0,Sul
2504,24.16,69.7,4,1,Sul
2505,25.14,7.6,2,0,Leste
2506,12.74,24.1,2,0,Oeste
2507,25.86,22.9,1,0,Leste
2508,30.32,17.8,5,0,Sul
2509,24.3,88.3,2,0,Leste
2510,24.89,42.1,2,1,Oeste
2511,26.8,10.7,3,0,Leste
2512,16.61,12.1,1,1,Oeste
2513,6.78,185.6,3,0,Norte
2514,24.17,22.6,3,0,Sul
2515,23.2,17.5,3,0,Leste
2516,29.56,83.5,1,1,Leste
2517,44.18,8.0,5,0,Sul
2518,35.37,100.4,6,0,Sul
2519,8.54,17.5,3,0,Leste
2520,45.17,50.0,2,0,Norte
2521,30.31,22.6,2,0,Sul
2522,22.88,9.4,3,0,Leste
2523,36.81,38.2,2,0,Leste
2524,4.58,70.7,3,0,Leste
2525,20.64,5.1,4,0,Sul
2526,26.58,13.1,3,0,Leste
2527,25.54,89.1,3,0,Leste
2528,37.11,45.5,2,1,Leste
2529,34.44,48.0,6,0,Leste
2530,30.46,69.7,1,1,Sul
2531,22.78,48.1,4,0,Norte
2532,32.69,37.3,1,0,Sul
2533,20.22,80.9,3,0,Sul
2534,31.18,24.2,4,0,Leste
2535,19.17,32.7,3,0,Leste
2536,27.35,64.1,3,0,Leste
2537,13.35,18.0,3,0,Leste
2538,33.28,103.5,4,0,Sul
2539,21.44,41.8,3,0,Leste
2540,14.05,13.2,1,0,Sul
2541,17.29,28.4,2,0,Sul
2542,22.55,10.9,5,0,Norte
2543,17.7,35.5,3,0,Leste
2544,30.76,24.5,3,0,Oeste
2545,22.78,16.6,2,0,Sul
2546,32.48,8.0,2,0,Norte
2547,22.74,17.6,3,0,Leste
2548,30.74,28.7,2,0,Sul
2549,25.07,24.6,2,0,Leste
2550,22.92,10.6,4,0,Leste
2551,16.67,33.7,4,0,Oeste
2552,25.54,15.1,2,0,Leste
2553,30.88,69.2,4,0,Leste
2554,19.5,77.9,4,1,Leste
2555,24.9,27.0,3,0,Leste
2556,20.59,116.9,2,1,Leste
2557,40.49,29.6,4,0,Sul
2558,27.5,11.7,3,0,Leste
2559,25.72,85.5,3,0,Leste
2560,21.11,120.5,3,0,Leste
2561,32.07,73.4,4,0,Leste
2562,24.99,18.0,2,0,Leste
2563,24.48,12.3,4,0,Sul
2564,24.41,25.0,2,0,Leste
2565,16.15,240.1,6,0,Leste
2566,36.97,12.9,3,0,Oeste
2567,32.36,63.9,2,0,Oeste
2568,25.07,30.8,3,0,Norte
2569,24.18,70.5,3,0,Leste
2570,17.95,12.1,2,1,Norte
2571,13.19,27.1,1,0,Sul
2572,17.95,16.1,3,1,Leste
2573,34.15,16.9,4,0,Sul
2574,21.91,59.7,2,0,Leste
2575,33.66,13.5,3,0,Norte
2576,24.76,41.8,5,0,Sul
2577,18.05,34.6,3,1,Leste
2578,19.13,15.4,3,0,Leste
2579,26.97,18.4,3,0,Oeste
2580,12.04,43.3,3,0,Leste
2581,18.86,32.5,4,0,Leste
2582,21.37,34.1,3,1,Sul
2583,31.56,27.5,2,0,Norte
2584,27.26,26.1,3,0,Sul
2585,26.5,32.5,3,0,Leste
2586,28.71,104.7,2,0,Leste
2587,33.27,50.6,3,0,Leste
2588,25.4,29.8,1,0,Leste
2589,16.73,13.9,5,0,Leste
2590,26.5,23.7,4,0,Norte
2591,18.28,15.9,3,0,Sul
2592,8.45,17.5,6,0,Leste
2593,26.51,7.4,5,0,Leste
2594,29.13,32.8,3,0,Oeste
2595,27.77,173.2,2,0,Sul
2596,29.04,38.7,1,0,Oeste
2597,33.92,59.3,1,0,Sul
2598,17.25,71.4,3,0,Norte
2599,21.9,26.3,1,0,Oeste
2600,14.7,27.8,5,0,Sul
2601,28.59,10.8,2,0,Leste
2602,34.83,38.8,3,0,Sul
2603,20.64,34.6,4,0,Leste
2604,30.78,16.7,3,0,Oeste
2605,18.85,83.0,6,0,Sul
2606,30.16,17.8,2,0,Leste
2607,7.13,323.1,1,0,Sul
2608,37.18,45.7,4,0,Leste
2609,16.28,32.5,3,0,Sul
2610,26.35,156.2,4,0,Sul
2611,36.24,5.3,3,0,Sul
2612,15.66,26.3,1,0,Sul
2613,39.08,23.4,3,0,Oeste
2614,41.82,28.6,2,0,Sul
2615,30.51,39.7,4,0,Sul
2616,25.13,28.0,4,0,Leste
2617,23.52,101.6,2,0,Sul
2618,29.59,46.9,1,0,Leste
2619,30.97,48.8,4,0,Oeste
2620,8.9,47.9,2,0,Leste
2621,22.72,11.8,7,0,Oeste
2622,20.32,38.9,3,1,Leste
2623,19.16,40.0,2,0,Sul
2624,19.32,13.5,3,1,Leste
2625,14.65,67.3,3,0,Leste
2626,37.4,6.5,1,1,Leste
2627,20.3,248.6,4,0,Oeste
2628,23.84,32.1,2,0,Leste
2629,22.5,16.7,3,0,Oeste
2630,20.61,54.3,3,0,Leste
2631,28.34,54.6,4,0,Leste
2632,22.5,170.2,2,0,Leste
2633,29.84,137.8,2,0,Sul
2634,37.56,11.4,3,0,Oeste
2635,16.2,26.7,2,0,Leste
2636,27.58,16.0,4,0,Norte
2637,27.35,60.0,2,1,Sul
2638,15.6,102.7,5,0,Leste
2639,30.17,11.6,1,1,Norte
2640,22.9,31.5,3,0,Norte
2641,37.63,20.0,6,0,Leste
2642,32.99,65.1,4,0,Sul
2643,25.0,46.0,4,0,Leste
2644,23.27,84.8,3,0,Sul
2645,38.86,23.6,5,0,Sul
2646,20.37,30.2,4,0,Leste
2647,27.12,45.4,1,1,Leste
2648,24.48,26.7,2,0,Sul
2649,34.56,42.1,7,0,Sul
2650,35.17,91.5,5,0,Leste
2651,29.34,182.5,6,0,Norte
2652,20.78,22.4,4,0,Sul
2653,23.75,184.6,4,0,Norte
2654,515.13,22.2,1,0,Leste
2655,26.99,66.4,3,0,Leste
2656,18.55,22.3,3,0,Leste
2657,42.91,14.5,4,0,Leste
2658,20.62,88.1,2,0,Leste
2659,33.21,31.8,6,0,Leste
2660,37.23,92.5,8,0,Leste
2661,31.63,60.4,4,0,Norte
2662,20.95,46.0,3,1,Leste
2663,20.38,51.5,5,0,Leste
2664,48.55,79.1,2,0,Leste
2665,40.79,69.5,1,0,Sul
2666,27.43,24.0,3,0,Sul
2667,22.29,46.4,3,0,Leste
2668,18.04,110.0,1,0,Leste
2669,20.04,34.3,3,0,Oeste
2670,30.68,22.3,1,0,Sul
2671,43.5,20.1,2,0,Leste
2672,24.05,65.3,1,0,Leste
2673,34.59,27.3,3,0,Oeste
2674,32.19,44.2,2,0,Leste
2675,22.66,26.3,2,1,Leste
2676,32.99,84.7,1,0,Leste
2677,33.24,37.3,1,0,Leste
2678,32.33,103.8,2,0,Oeste
2679,21.7,100.8,1,0,Norte
2680,30.74,30.9,8,0,Norte
2681,34.51,96.2,2,0,Oeste
2682,32.65,25.3,5,0,Leste
2683,33.62,41.0,3,0,Leste
2684,23.38,17.7,5,0,Leste
2685,33.58,53.2,3,0,Norte
2686,35.32,42.1,3,0,Leste
2687,710.59,50.0,3,0,Leste
2688,13.93,11.2,5,0,Sul
2689,38.08,6.7,2,0,Sul
2690,21.3,13.4,3,0,Leste
2691,19.06,49.4,4,0,Norte
2692,26.7,56.8,6,0,Oeste
2693,22.84,81.7,2,0,Sul
2694,9.59,24.0,3,0,Leste
2695,32.13,39.1,1,1,Oeste
2696,31.93,18.9,4,0,Leste
2697,16.75,98.9,4,0,Leste
2698,24.8,18.8,1,0,Leste
2699,16.86,85.0,2,0,Sul
2700,18.13,27.1,1,0,Sul
2701,20.18,116.8,1,0,Oeste
2702,29.23,38.3,2,1,Leste
2703,41.09,37.7,4,0,Leste
2704,21.69,18.1,3,0,Sul
2705,31.71,187.5,6,0,Norte
2706,31.38,73.2,3,0,Norte
2707,7.96,49.9,3,0,Leste
2708,13.92,40.1,3,0,Leste
2709,41.37,19.5,2,0,Leste
2710,20.95,56.7,3,0,Leste
2711,28.62,31.4,2,0,Norte
2712,27.69,34.7,1,0,Sul
2713,7.98,67.5,5,0,Sul
2714,19.54,41.6,2,0,Leste
2715,30.81,33.6,4,0,Norte
2716,17.5,104.4,2,0,Oeste
2717,21.98,17.2,3,0,Sul
2718,15.37,8.8,3,1,Oeste
2719,18.28,17.5,2,0,Leste
2720,20.79,37.4,3,0,Oeste
2721,10.13,57.7,1,1,Leste
2722,34.37,18.3,3,0,Oeste
2723,13.89,632.7,2,0,Norte
2724,23.62,38.3,2,0,Leste
2725,19.04,37.4,1,0,Oeste
2726,33.61,11.8,4,0,Sul
2727,15.14,10.4,2,0,Norte
2728,18.74,8.0,3,0,Leste
2729,14.3,99.2,2,0,Oeste
2730,5.74,87.4,6,0,Leste
2731,29.07,33.1,2,0,Leste
2732,25.26,12.5,5,0,Sul
2733,26.75,26.5,2,0,Norte
2734,31.48,103.2,1,1,Leste
2735,25.86,22.1,4,1,Norte
2736,21.45,16.1,4,0,Leste
2737,27.08,24.4,3,1,Oeste
2738,20.95,26.2,4,0,Sul
2739,33.9,59.8,3,1,Leste
2740,22.1,5.7,3,0,Norte
2741,24.05,37.9,2,0,Leste
2742,1093.57,19.0,3,0,Sul
2743,43.69,21.6,4,0,Leste
2744,16.82,60.6,2,0,Sul
2745,15.25,11.7,3,0,Leste
2746,23.04,38.2,3,0,Leste
2747,19.01,48.7,3,0,Sul
2748,30.6,52.7,3,0,Leste
2749,26.58,58.3,2,0,Sul
2750,16.04,52.3,3,0,Leste
2751,31.0,58.9,1,0,Sul
2752,39.78,16.4,4,0,Leste
2753,18.61,98.7,4,0,Sul
2754,27.6,12.8,2,0,Leste
2755,7.44,44.5,4,1,Sul
2756,22.06,19.2,7,0,Leste
2757,27.48,8.4,5,0,Sul
2758,23.87,21.0,2,1,Oeste
2759,25.9,30.1,2,0,Oeste
2760,18.78,100.4,1,0,Sul
2761,35.08,142.0,1,0,Leste
2762,21.71,29.9,3,0,Norte
2763,15.16,10.9,2,0,Sul
2764,24.69,11.6,3,0,Leste
2765,32.38,61.4,6,0,Leste
2766,29.44,58.4,6,1,Leste
2767,20.86,20.4,3,0,Sul
2768,39.19,12.9,4,0,Sul
2769,24.4,73.2,3,0,Sul
2770,11.3,12.4,3,0,Leste
2771,29.76,23.2,1,0,Leste
2772,23.9,48.4,3,0,Leste
2773,24.41,6.7,2,0,Sul
2774,32.11,71.0,5,0,Sul
2775,22.91,222.3,1,0,Sul
2776,22.68,36.3,5,0,Norte
2777,14.97,32.2,7,0,Sul
2778,20.76,34.3,4,0,Leste
2779,26.96,39.6,3,0,Oeste
2780,20.3,18.5,3,0,Leste
2781,11.65,13.5,2,0,Leste
2782,30.21,25.0,3,0,Norte
2783,30.54,37.4,3,1,Oeste
2784,30.6,14.9,3,0,Norte
2785,17.6,11.3,3,0,Oeste
2786,24.83,23.3,4,0,Leste
2787,26.92,11.4,3,1,Sul
2788,29.76,56.7,2,0,Oeste
2789,29.94,2.1,3,1,Norte
2790,13.7,13.0,3,1,Leste
2791,38.78,102.6,4,0,Leste
2792,15.33,27.7,3,1,Sul
2793,11.95,38.4,4,0,Leste
2794,1.53,29.9,2,0,Leste
2795,30.59,20.0,4,0,Leste
2796,36.59,79.5,4,0,Norte
2797,19.94,21.0,5,0,Oeste
2798,10.86,17.1,4,0,Sul
2799,32.0,56.0,3,1,Sul
2800,14.62,7.1,2,0,Sul
2801,1148.5,26.4,6,0,Norte
2802,17.6,21.9,1,1,Sul
2803,21.49,26.0,1,1,Oeste
2804,27.55,22.4,4,1,Sul
2805,27.61,44.7,5,0,Sul
2806,25.85,79.8,3,1,Sul
2807,36.76,47.8,6,0,Leste
2808,38.71,25.3,2,0,Oeste
2809,39.34,54.9,1,0,Sul
2810,23.59,60.3,4,0,Norte
2811,25.85,44.2,3,0,Sul
2812,36.03,76.6,3,0,Norte
2813,19.79,5.1,2,0,Sul
2814,21.56,33.8,3,0,Leste
2815,25.17,42.4,3,0,Sul
2816,24.85,10.1,6,0,Leste
2817,22.71,39.5,4,0,Sul
2818,17.52,68.9,1,0,Oeste
2819,31.83,27.7,5,0,Oeste
2820,21.9,56.0,2,0,Leste
2821,26.25,75.1,6,1,Sul
2822,24.94,96.9,2,0,Sul
2823,30.4,83.9,6,0,Leste
2824,28.65,98.7,2,0,Leste
2825,22.96,22.2,2,0,Leste
2826,21.68,24.2,4,0,Oeste
2827,24.11,4.6,2,0,Oeste
2828,16.12,14.1,2,0,Sul
2829,18.57,87.8,3,0,Leste
2830,29.24,20.4,4,0,Norte
2831,27.39,45.5,2,0,Sul
2832,17.27,40.1,5,0,Leste
2833,24.04,89.3,1,0,Sul
2834,12.5,6.6,3,0,Oeste
2835,26.08,43.9,2,0,Sul
2836,22.31,43.3,3,1,Leste
2837,41.76,16.7,3,1,Leste
2838,29.7,71.4,3,0,Leste
2839,17.37,10.8,4,0,Sul
2840,17.26,77.6,4,0,Oeste
2841,30.1,5.9,4,0,Leste
2842,32.03,16.1,3,0,Leste
2843,39.87,29.6,5,1,Norte
2844,880.35,39.4,4,1,Leste
2845,28.82,7.4,7,0,Leste
2846,36.39,76.3,4,0,Leste
2847,25.6,60.5,2,0,Leste
2848,25.24,151.8,3,0,Leste
2849,15.3,58.1,8,0,Sul
2850,37.07,18.4,3,0,Norte
2851,26.06,14.1,2,0,Sul
2852,24.21,23.7,6,0,Leste
2853,18.65,189.5,4,0,Leste
2854,34.8,34.4,6,1,Sul
2855,32.89,35.6,3,0,Leste
2856,17.78,99.8,1,0,Leste
2857,29.08,13.0,1,0,Leste
2858,31.37,51.0,2,0,Sul
2859,15.03,50.1,3,0,Sul
2860,30.13,71.2,4,0,Sul
2861,28.53,65.5,3,0,Norte
2862,29.99,31.6,3,0,Sul
2863,40.89,11.0,4,1,Norte
2864,48.69,21.1,2,0,Leste
2865,34.89,65.0,8,0,Sul
2866,27.08,146.0,3,0,Oeste
2867,30.11,12.4,7,0,Sul
2868,28.47,11.8,2,0,Sul
2869,43.81,9.4,1,0,Sul
2870,26.1,17.9,2,0,Norte
2871,21.69,70.7,7,1,Leste
2872,29.39,94.9,3,1,Norte
2873,41.7,6.3,3,1,Oeste
2874,17.25,12.6,2,0,Oeste
2875,19.62,10.9,2,0,Leste
2876,19.18,16.5,2,0,Leste
2877,15.42,27.7,2,0,Leste
2878,17.39,24.1,3,0,Sul
2879,32.52,50.0,3,0,Leste
2880,26.76,7.1,3,0,Norte
2881,14.65,21.8,1,0,Norte
2882,30.49,98.8,2,0,Leste
2883,27.76,101.9,5,0,Leste
2884,32.61,125.4,6,0,Oeste
2885,20.17,45.4,3,0,Sul
2886,15.18,19.6,5,1,Leste
2887,30.44,38.1,1,0,Sul
2888,31.6,250.2,4,0,Sul
2889,16.16,21.7,7,0,Sul
2890,26.9,143.5,1,0,Leste
2891,20.07,4.7,7,0,Sul
2892,32.77,52.3,3,0,Leste
2893,30.3,55.6,4,0,Leste
2894,34.75,44.7,4,0,Leste
2895,18.27,47.1,1,0,Leste
2896,19.48,50.3,2,0,Leste
2897,22.04,52.2,2,0,Leste
2898,20.76,25.4,2,0,Leste
2899,27.95,26.7,3,0,Sul
2900,16.38,11.1,7,0,Oeste
2901,37.17,59.5,3,0,Leste
2902,38.95,93.9,4,0,Sul
2903,33.88,133.7,3,0,Sul
2904,29.0,17.2,8,0,Leste
2905,24.01,8.3,4,0,Norte
2906,26.51,44.7,2,0,Oeste
2907,18.95,13.1,3,1,Sul
2908,26.26,52.3,3,0,Leste
2909,27.68,5.7,3,0,Sul
2910,18.4,79.0,2,0,Leste
2911,37.97,37.4,2,0,Oeste
2912,24.33,7.1,2,0,Leste
2913,16.77,42.2,2,0,Leste
2914,23.36,35.7,3,1,Norte
2915,20.18,50.3,3,0,Norte
2916,18.28,62.9,3,0,Sul
2917,37.57,4.8,1,0,Leste
2918,25.08,22.7,3,0,Sul
2919,33.24,30.8,6,0,Sul
2920,28.29,26.1,3,0,Leste
2921,28.81,25.0,3,0,Leste
2922,24.89,77.0,3,0,Leste
2923,21.54,8.3,3,0,Sul
2924,35.4,26.2,3,0,Norte
2925,30.23,27.9,5,0,Oeste
2926,23.55,30.3,5,1,Sul
2927,32.96,15.2,4,0,Oeste
2928,37.08,183.7,3,1,Oeste
2929,27.93,72.4,2,0,Leste
2930,37.41,194.3,2,0,Sul
2931,21.18,55.3,3,0,Leste
2932,17.8,60.9,4,0,Leste
2933,22.26,33.0,3,0,Leste
2934,25.33,115.6,3,0,Sul
2935,37.44,52.1,3,0,Sul
2936,21.95,28.4,5,0,Sul
2937,28.07,145.1,5,0,Leste
2938,33.81,11.7,5,0,Leste
2939,28.74,18.4,5,1,Sul
2940,21.05,313.7,2,0,Leste
2941,14.77,56.6,2,0,Sul
2942,34.75,4.0,1,0,Leste
2943,16.58,74.8,2,0,Oeste
2944,21.97,14.6,3,0,Sul
2945,25.27,20.9,5,0,Sul
2946,35.11,254.9,3,0,Sul
2947,32.98,124.5,3,0,Leste
2948,26.19,163.8,5,0,Leste
2949,34.7,20.4,2,0,Oeste
2950,36.46,26.2,2,1,Sul
2951,21.19,39.4,4,0,Oeste
2952,21.85,66.3,2,0,Norte
2953,30.99,25.2,3,0,Leste
2954,38.58,148.8,2,0,Norte
2955,19.44,49.1,1,1,Oeste
2956,10.26,109.2,5,0,Leste
2957,30.2,17.7,2,0,Leste
2958,35.91,23.7,3,0,Leste
2959,26.04,40.3,1,0,Sul
2960,46.07,22.9,2,0,Norte
2961,18.3,76.6,2,0,Oeste
2962,19.06,77.8,1,0,Sul
2963,18.95,27.4,1,0,Sul
2964,25.7,56.1,5,1,Leste
2965,25.88,169.6,2,0,Leste
2966,18.84,76.4,1,0,Norte
2967,33.99,55.8,1,0,Sul
2968,27.14,93.3,5,0,Norte
2969,16.72,127.1,5,1,Leste
2970,29.91,111.5,3,0,Oeste
2971,21.64,31.3,3,0,Oeste
2972,25.81,68.2,2,0,Leste
2973,32.1,26.1,2,0,Sul
2974,32.99,31.7,2,0,Oeste
2975,32.33,48.6,6,0,Leste
2976,25.4,10.4,1,0,Sul
2977,17.2,44.5,6,0,Oeste
2978,22.45,19.0,2,0,Leste
2979,25.19,12.8,2,0,Leste
2980,37.37,62.5,1,1,Leste
2981,20.79,26.9,2,0,Sul
2982,26.61,39.5,3,0,Sul
2983,15.14,27.4,3,0,Leste
2984,27.72,20.2,1,0,Sul
2985,24.64,36.4,4,0,Leste
2986,23.97,11.1,4,1,Leste
2987,31.77,30.7,4,0,Leste
2988,19.51,161.5,2,0,Leste
2989,36.21,12.7,2,0,Leste
2990,18.92,103.6,3,0,Leste
2991,35.93,175.8,1,0,Leste
2992,12.23,17.7,3,0,Sul
2993,27.45,43.0,3,0,Sul
2994,29.88,11.7,2,0,Sul
2995,22.12,10.4,1,0,Sul
2996,27.22,37.9,4,0,Sul
2997,22.09,45.9,3,0,Sul
2998,28.58,21.0,2,0,Leste
2999,27.0,13.4,2,0,Oeste
3000,42.74,17.7,2,0,Sul
3001,13.97,67.6,1,0,Leste
3002,26.61,67.9,4,0,Leste
3003,21.63,55.4,4,0,Norte
3004,26.0,24.3,3,0,Oeste
3005,23.91,14.0,3,0,Leste
3006,22.21,94.7,2,0,Sul
3007,20.82,123.1,7,1,Leste
3008,30.72,21.8,2,0,Sul
3009,22.01,29.2,4,0,Leste
3010,24.83,10.2,2,0,Norte
3011,26.49,50.8,3,0,Leste
3012,19.2,174.3,2,0,Leste
3013,29.87,70.5,1,0,Leste
3014,17.33,194.3,3,0,Sul
3015,28.95,24.2,2,0,Leste
3016,28.22,11.6,3,0,Leste
3017,23.94,110.3,2,0,Leste
3018,16.24,38.0,4,0,Leste
3019,25.05,16.2,2,0,Leste
3020,16.74,148.1,3,0,Oeste
3021,24.1,20.4,4,0,Leste
3022,31.31,13.5,7,0,Leste
3023,24.88,53.6,5,0,Leste
3024,35.03,11.7,3,0,Leste
3025,27.36,75.0,3,0,Sul
3026,31.19,13.2,1,0,Leste
3027,30.73,40.5,3,1,Leste
3028,36.26,42.7,5,0,Sul
3029,14.56,40.9,2,0,Leste
3030,20.82,11.8,3,0,Leste
3031,25.22,28.3,2,0,Sul
3032,31.41,99.4,4,0,Leste
3033,26.35,28.2,5,0,Sul
3034,24.95,13.2,2,0,Sul
3035,33.24,23.2,2,0,Leste
3036,22.3,12.1,3,0,Norte
3037,21.93,5.8,4,0,Sul
3038,29.17,28.8,2,1,Oeste
3039,44.15,35.9,4,0,Sul
3040,24.84,57.9,6,0,Oeste
3041,19.83,48.1,5,0,Oeste
3042,20.46,54.1,2,1,Sul
3043,22.07,32.0,3,0,Norte
3044,35.61,181.6,2,0,Leste
3045,22.07,16.9,3,0,Leste
3046,27.44,25.7,2,0,Sul
3047,24.26,124.8,2,0,Leste
3048,14.49,24.2,6,0,Norte
3049,22.38,30.3,2,0,Oeste
3050,5.2,45.8,4,0,Sul
3051,26.4,84.3,4,0,Sul
3052,28.92,37.1,5,0,Sul
3053,18.24,16.3,8,0,Oeste
3054,20.66,23.9,3,0,Leste
3055,14.28,51.0,5,0,Leste
3056,7.27,26.2,3,1,Sul
3057,12.95,22.8,3,0,Sul
3058,30.22,15.7,3,0,Sul
3059,22.49,86.0,2,0,Leste
3060,26.67,30.0,2,1,Leste
3061,41.33,30.2,7,0,Leste
3062,32.99,57.0,3,0,Sul
3063,29.31,11.1,2,0,Oeste
3064,21.12,34.2,2,0,Sul
3065,37.48,110.4,7,0,Oeste
3066,34.88,31.5,5,0,Norte
3067,32.15,39.5,3,0,Leste
3068,24.96,38.8,2,1,Sul
3069,17.6,77.4,3,0,Leste
3070,37.14,38.9,1,0,Leste
3071,31.96,238.6,1,0,Leste
3072,23.37,39.8,6,0,Leste
3073,22.79,23.4,1,0,Leste
3074,15.23,111.0,1,0,Leste
3075,31.08,28.0,5,0,Leste
3076,26.36,20.5,2,0,Sul
3077,28.18,12.8,3,1,Leste
3078,32.44,48.6,4,0,Leste
3079,30.78,23.0,4,0,Sul
3080,18.0,17.8,3,1,Leste
3081,25.18,21.1,6,0,Sul
3082,28.3,24.8,4,1,Sul
3083,28.91,64.5,1,0,Sul
3084,12.28,48.8,6,0,Sul
3085,16.95,29.5,3,0,Leste
3086,30.26,51.9,4,0,Leste
3087,30.14,30.4,2,0,Oeste
3088,37.88,39.1,3,0,Leste
3089,12.6,19.4,1,0,Norte
3090,32.18,19.6,3,0,Oeste
3091,28.01,37.4,2,0,Oeste
3092,16.59,37.4,3,1,Leste
3093,10.86,74.4,4,0,Leste
3094,32.53,49.4,3,0,Oeste
3095,17.13,22.3,3,0,Leste
3096,14.49,11.9,2,0,Oeste
3097,28.63,67.1,3,1,Norte
3098,24.92,43.2,3,0,Sul
3099,29.6,71.9,5,0,Leste
3100,28.44,47.8,2,0,Leste
3101,51.76,140.3,4,0,Leste
3102,30.79,27.9,2,0,Oeste
3103,30.28,34.2,3,1,Sul
3104,17.94,62.3,3,0,Norte
3105,37.5,66.1,1,0,Leste
3106,20.96,43.0,2,0,Leste
3107,17.72,9.3,4,0,Sul
3108,23.31,8.0,4,0,Leste
3109,28.52,24.3,3,0,Leste
3110,21.31,33.7,2,0,Leste
3111,17.99,7.4,2,0,Leste
3112,17.82,32.3,1,0,Sul
3113,26.65,55.8,2,0,Oeste
3114,29.48,31.6,3,0,Leste
3115,30.14,41.9,1,0,Leste
3116,12.55,53.0,4,0,Sul
3117,18.36,9.2,3,0,Leste
3118,32.45,55.8,5,0,Sul
3119,21.61,18.4,2,0,Sul
3120,26.62,27.4,5,0,Leste
3121,46.01,19.5,3,0,Sul
3122,6.96,78.2,2,0,Leste
3123,23.97,13.0,6,0,Sul
3124,30.66,100.0,6,0,Leste
3125,17.15,224.4,3,0,Sul
3126,23.92,9.6,3,0,Norte
3127,15.4,20.7,4,0,Sul
3128,29.62,54.1,4,0,Oeste
3129,19.63,15.0,3,1,Oeste
3130,21.55,26.6,4,0,Sul
3131,32.17,38.1,3,0,Leste
3132,29.45,18.7,1,0,Leste
3133,32.79,35.4,3,1,Oeste
3134,39.06,70.7,5,0,Sul
3135,25.59,31.1,1,0,Leste
3136,41.93,14.4,5,0,Norte
3137,26.55,84.1,1,0,Sul
3138,35.54,100.6,3,0,Oeste
3139,24.77,44.5,1,0,Leste
3140,31.72,15.1,2,0,Sul
3141,21.58,16.4,3,0,Sul
3142,35.72,5.0,2,1,Leste
3143,34.21,20.6,5,0,Leste
3144,23.29,77.7,3,0,Sul
3145,26.25,19.2,1,0,Oeste
3146,17.45,15.4,2,0,Norte
3147,32.44,75.1,5,1,Sul
3148,31.72,83.2,7,0,Oeste
3149,15.14,21.6,2,0,Sul
3150,42.37,49.8,4,0,Sul
3151,28.18,16.5,3,0,Leste
3152,23.14,25.2,1,0,Leste
3153,34.59,7.7,5,0,Sul
3154,20.82,44.2,4,0,Oeste
3155,35.46,30.5,1,0,Leste
3156,15.59,19.3,1,0,Sul
3157,23.22,30.8,3,1,Leste
3158,24.3,27.9,4,0,Sul
3159,20.65,17.1,3,0,Leste
3160,19.11,45.6,3,0,Leste
3161,21.11,26.1,2,0,Oeste
3162,20.74,29.7,4,0,Sul
3163,21.25,10.3,4,0,Leste
3164,36.47,29.9,2,0,Leste
3165,28.47,28.7,2,0,Sul
3166,24.3,17.1,3,0,Sul
3167,31.12,50.7,4,1,Norte
3168,24.24,6.1,3,0,Leste
3169,18.65,22.5,3,0,Leste
3170,12.15,42.4,2,0,Sul
3171,32.91,177.5,5,0,Leste
3172,7.19,11.1,2,0,Leste
3173,12.93,35.5,1,0,Leste
3174,29.04,51.3,4,0,Sul
3175,24.86,34.8,1,0,Leste
3176,36.67,12.4,3,0,Sul
3177,19.85,22.5,4,0,Sul
3178,31.16,4.7,4,1,Leste
3179,23.59,33.2,4,0,Norte
3180,29.39,10.7,2,0,Norte
3181,26.36,47.7,3,0,Norte
3182,29.03,19.6,3,0,Sul
3183,26.72,18.2,1,0,Norte
3184,27.35,37.8,1,0,Oeste
3185,16.29,40.8,3,0,Sul
3186,25.61,66.5,3,0,Sul
3187,29.82,26.9,4,0,Sul
3188,24.59,30.4,4,0,Oeste
3189,24.19,10.9,2,0,Leste
3190,9.94,105.5,3,0,Sul
3191,37.27,15.7,2,0,Oeste
3192,14.06,59.1,2,1,Sul
3193,20.05,59.5,1,1,Sul
3194,18.69,45.6,4,0,Sul
3195,27.37,27.4,3,0,Sul
3196,27.74,24.8,3,0,Sul
3197,30.27,31.5,1,1,Leste
3198,30.63,7.2,4,0,Sul
3199,38.79,32.4,3,0,Leste
3200,22.56,108.7,4,0,Norte
3201,18.35,27.6,3,0,Sul
3202,23.12,32.3,6,0,Leste
3203,16.16,14.6,4,0,Oeste
3204,22.24,38.4,1,0,Sul
3205,12.59,17.8,4,0,Leste
3206,18.31,65.4,3,0,Sul
3207,11.5,82.5,5,0,Sul
3208,34.67,98.3,3,0,Norte
3209,25.89,10.4,5,0,Sul
3210,40.04,59.0,5,0,Sul
3211,33.88,55.6,3,0,Sul
3212,34.67,23.8,3,0,Leste
3213,23.88,86.0,4,0,Norte
3214,28.92,46.1,3,0,Leste
3215,17.83,99.3,3,0,Sul
3216,20.74,12.0,4,0,Leste
3217,25.11,18.7,4,0,Leste
3218,11.09,35.7,3,0,Sul
3219,20.95,84.6,3,0,Sul
3220,31.34,47.6,3,0,Leste
3221,21.08,15.5,5,0,Oeste
3222,19.11,137.1,5,0,Sul
3223,21.92,26.2,4,0,Norte
3224,30.98,15.9,3,0,Oeste
3225,27.89,17.8,5,0,Sul
3226,23.2,11.4,3,1,Leste
3227,25.14,5.5,3,0,Sul
3228,31.86,30.2,7,0,Sul
3229,35.46,9.5,2,0,Leste
3230,320.85,42.6,1,0,Leste
3231,24.34,72.8,2,0,Sul
3232,34.96,44.8,2,0,Leste
3233,29.18,34.3,3,0,Leste
3234,13.78,9.7,1,0,Leste
3235,17.85,65.2,6,0,Norte
3236,18.1,157.2,5,0,Leste
3237,21.67,102.2,4,0,Leste
3238,27.96,11.4,3,1,Leste
3239,40.08,31.1,2,0,Leste
3240,24.34,26.4,3,0,Sul
3241,30.28,24.1,4,0,Leste
3242,34.07,33.8,5,0,Leste
3243,36.89,187.2,2,0,Norte
3244,34.08,36.1,1,0,Leste
3245,19.02,23.2,2,0,Sul
3246,13.39,42.0,1,0,Leste
3247,1255.35,11.6,3,0,Sul
3248,26.35,18.7,3,0,Leste
3249,19.06,72.9,1,0,Oeste
3250,12.0,38.5,1,0,Leste
3251,15.28,177.9,1,0,Oeste
3252,49.05,41.0,1,0,Oeste
3253,23.25,12.2,3,0,Norte
3254,39.4,9.3,4,0,Leste
3255,23.12,73.8,3,0,Leste
3256,31.34,14.4,3,0,Oeste
3257,23.85,13.4,4,0,Sul
3258,25.06,21.9,3,0,Oeste
3259,31.23,73.5,4,0,Leste
3260,21.78,24.7,4,1,Leste
3261,15.45,16.9,4,0,Norte
3262,18.56,87.4,3,0,Sul
3263,18.52,76.2,1,0,Leste
3264,1405.09,125.7,5,0,Norte
3265,9.83,97.6,2,0,Leste
3266,27.44,77.3,3,0,Norte
3267,35.13,18.2,4,0,Leste
3268,20.94,56.1,6,0,Sul
3269,19.76,87.5,2,0,Leste
3270,40.74,146.2,3,0,Leste
3271,36.78,38.0,3,0,Sul
3272,28.42,22.3,4,0,Sul
3273,19.02,16.3,4,0,Norte
3274,29.67,72.5,2,0,Leste
3275,16.93,19.4,5,0,Leste
3276,14.42,36.1,3,0,Leste
3277,28.62,16.4,4,0,Leste
3278,21.17,29.2,2,0,Leste
3279,8.81,47.0,4,0,Sul
3280,29.69,41.1,2,0,Norte
3281,36.68,59.8,2,0,Sul
3282,30.28,11.0,2,0,Oeste
3283,21.01,30.2,5,0,Oeste
3284,7.88,22.7,3,1,Sul
3285,26.17,15.1,1,0,Leste
3286,19.74,18.2,2,0,Leste
3287,17.79,16.2,5,0,Leste
3288,9.43,43.8,2,0,Norte
3289,40.02,45.6,2,1,Norte
3290,16.22,66.7,4,0,Leste
3291,10.43,43.1,1,0,Oeste
3292,38.56,37.6,2,0,Leste
3293,25.25,35.3,2,0,Norte
3294,24.01,56.9,3,0,Sul
3295,27.48,6.1,3,1,Leste
3296,28.49,31.6,2,0,Leste
3297,26.71,42.7,3,0,Leste
3298,12.95,138.6,2,0,Leste
3299,12.33,13.6,3,0,Norte
3300,19.17,13.2,3,0,Leste
3301,20.92,5.4,5,0,Leste
3302,22.12,10.9,2,1,Sul
3303,26.83,29.3,5,0,Leste
3304,22.76,18.6,4,0,Sul
3305,19.55,18.2,4,0,Norte
3306,28.16,33.7,2,0,Sul
3307,30.71,52.8,4,0,Sul
3308,18.53,33.4,3,0,Sul
3309,14.06,33.8,3,0,Leste
3310,26.44,45.7,2,0,Leste
3311,21.63,7.6,2,0,Leste
3312,31.69,36.7,1,0,Sul
3313,17.12,31.2,4,0,Norte
3314,15.35,32.9,4,0,Leste
3315,19.93,20.8,4,0,Sul
3316,29.16,28.1,2,0,Sul
3317,22.19,45.7,2,0,Oeste
3318,24.29,120.0,2,0,Leste
3319,21.04,8.6,7,0,Oeste
3320,33.12,52.3,4,0,Leste
3321,28.86,87.7,2,0,Sul
3322,12.82,12.0,5,0,Leste
3323,32.21,28.7,2,0,Sul
3324,29.72,41.3,2,0,Leste
3325,33.68,165.2,3,0,Norte
3326,20.77,188.4,1,0,Leste
3327,17.49,12.0,3,0,Sul
3328,24.34,26.0,1,0,Oeste
3329,26.3,38.8,2,0,Oeste
3330,34.48,51.7,4,0,Leste
3331,30.09,38.9,4,0,Leste
3332,26.19,15.5,3,0,Leste
3333,23.98,15.0,2,0,Leste
3334,25.12,9.7,1,0,Leste
3335,21.85,6.6,3,1,Leste
3336,30.43,9.5,2,0,Leste
3337,13.38,83.9,3,1,Oeste
3338,25.07,58.5,5,0,Leste
3339,33.35,51.6,2,0,Leste
3340,15.91,27.7,5,0,Leste
3341,40.56,32.0,1,1,Leste
3342,1417.47,26.7,2,0,Leste
3343,20.96,9.3,1,0,Sul
3344,33.21,55.6,2,0,Leste
3345,36.62,65.5,2,0,Oeste
3346,27.86,13.2,6,0,Leste
3347,27.65,13.2,2,0,Leste
3348,39.3,43.9,2,0,Norte
3349,14.06,43.6,1,0,Leste
3350,11.2,59.5,4,0,Leste
3351,9.61,102.6,3,0,Leste
3352,18.19,14.2,3,0,Norte
3353,19.27,31.0,3,1,Oeste
3354,28.04,14.9,4,0,Leste
3355,33.06,15.8,2,0,Sul
3356,32.27,23.5,2,0,Sul
3357,32.04,104.8,2,0,Sul
3358,17.34,80.1,4,0,Leste
3359,28.08,31.2,5,0,Norte
3360,19.13,5.9,4,0,Sul
3361,29.81,45.3,1,0,Leste
3362,25.34,44.5,4,0,Sul
3363,32.08,15.7,4,0,Sul
3364,44.01,64.4,1,0,Leste
3365,24.74,15.5,4,1,Leste
3366,16.17,64.2,5,0,Leste
3367,11.95,40.2,2,0,Leste
3368,17.83,10.3,4,0,Leste
3369,33.53,24.8,3,0,Leste
3370,28.88,37.2,2,0,Sul
3371,26.84,42.1,6,0,Sul
3372,28.05,75.7,2,0,Leste
3373,30.75,83.6,1,0,Sul
3374,12.54,27.4,3,0,Leste
3375,32.89,51.8,2,0,Leste
3376,28.12,119.9,5,0,Sul
3377,13.47,14.7,2,0,Sul
3378,27.68,20.4,2,0,Sul
3379,14.58,8.8,3,0,Leste
3380,29.08,20.0,2,0,Leste
3381,25.96,39.0,4,0,Leste
3382,16.93,6.1,6,0,Sul
3383,28.31,47.0,2,0,Leste
3384,31.47,22.7,3,0,Oeste
3385,20.41,31.5,4,0,Sul
3386,31.26,13.0,4,0,Leste
3387,22.77,30.5,4,0,Oeste
3388,31.99,126.9,3,0,Sul
3389,24.23,24.1,1,0,Leste
3390,34.39,5.6,3,0,Norte
3391,17.69,87.4,4,0,Leste
3392,17.92,51.1,3,1,Norte
3393,18.7,35.7,1,1,Oeste
3394,26.01,52.2,4,0,Leste
3395,23.78,35.4,5,1,Leste
3396,27.29,123.3,2,1,Leste
3397,15.69,60.4,5,0,Leste
3398,19.26,23.0,1,0,Leste
3399,35.17,109.2,4,0,Oeste
3400,27.97,142.0,4,0,Oeste
3401,537.95,68.6,4,0,Leste
3402,22.96,45.9,4,0,Oeste
3403,27.36,16.7,3,1,Leste
3404,21.2,57.3,2,0,Leste
3405,10.2,45.2,4,0,Leste
3406,33.28,32.4,2,0,Sul
3407,26.46,57.9,4,0,Norte
3408,661.2,35.5,4,1,Sul
3409,25.01,51.4,4,0,Leste
3410,21.27,75.8,3,0,Sul
3411,36.99,11.4,4,0,Leste
3412,30.37,14.6,2,0,Oeste
3413,15.82,16.0,3,0,Sul
3414,14.73,156.3,2,0,Leste
3415,27.0,55.0,5,0,Sul
3416,26.07,59.2,4,0,Norte
3417,29.14,81.7,5,0,Leste
3418,23.85,14.3,5,0,Leste
3419,19.82,6.5,5,0,Leste
3420,29.08,31.5,5,0,Sul
3421,29.75,67.9,2,0,Leste
3422,35.06,28.3,1,0,Sul
3423,30.88,11.1,1,0,Sul
3424,18.31,16.1,5,0,Norte
3425,27.05,12.9,4,0,Sul
3426,22.71,20.3,1,0,Sul
3427,17.44,13.1,2,0,Sul
3428,10.69,37.2,3,0,Oeste
3429,42.98,21.4,2,0,Sul
3430,20.53,55.0,2,0,Sul
3431,23.99,15.2,7,0,Sul
3432,26.76,40.6,2,1,Leste
3433,25.89,32.1,3,0,Norte
3434,4.83,45.5,1,0,Oeste
3435,23.67,50.9,2,0,Oeste
3436,39.17,55.4,2,0,Sul
3437,23.31,64.4,3,0,Leste
3438,38.08,51.1,2,0,Norte
3439,25.25,42.0,1,1,Leste
3440,22.19,19.4,2,1,Leste
3441,26.16,65.4,4,0,Sul
3442,25.3,19.0,2,0,Sul
3443,25.12,26.2,2,0,Leste
3444,20.34,16.6,4,1,Leste
3445,14.09,16.3,4,1,Sul
3446,29.49,25.7,2,0,Leste
3447,25.76,27.5,1,0,Leste
3448,38.32,17.3,5,0,Oeste
3449,24.73,33.7,3,0,Sul
3450,12.89,37.5,2,0,Leste
3451,27.58,21.4,4,0,Leste
3452,25.61,206.8,2,0,Sul
3453,21.55,43.2,2,0,Leste
3454,29.95,36.4,5,0,Leste
3455,28.98,19.3,5,1,Oeste
3456,15.42,37.0,2,0,Sul
3457,21.26,40.2,3,0,Leste
3458,33.76,33.0,5,0,Sul
3459,17.16,103.0,3,0,Oeste
3460,23.62,8.5,3,0,Sul
3461,26.82,24.4,2,0,Oeste
3462,15.77,58.6,3,0,Oeste
3463,24.21,16.2,2,0,Sul
3464,23.95,9.6,4,0,Leste
3465,22.41,21.9,5,0,Oeste
3466,12.76,76.3,4,0,Sul
3467,25.0,16.5,2,0,Leste
3468,20.05,24.9,1,0,Leste
3469,33.53,46.4,2,0,Sul
3470,28.33,20.8,5,0,Norte
3471,18.78,23.3,2,0,Sul
3472,21.84,19.7,3,0,Sul
3473,26.0,21.0,1,0,Leste
3474,21.82,13.1,6,0,Sul
3475,12.88,27.0,3,0,Oeste
3476,27.34,77.6,2,0,Leste
3477,29.21,117.5,4,1,Norte
3478,30.93,90.0,5,0,Leste
3479,32.51,37.0,2,0,Leste
3480,18.37,124.8,2,0,Oeste
3481,31.28,209.0,5,0,Norte
3482,15.87,38.3,5,0,Sul
3483,27.86,15.0,2,0,Oeste
3484,19.33,94.6,3,1,Oeste
3485,28.35,12.6,4,0,Leste
3486,12.94,16.3,3,0,Leste
3487,29.34,6.3,4,0,Norte
3488,18.71,59.3,3,0,Leste
3489,28.86,5.2,9,0,Sul
3490,27.98,73.3,3,0,Sul
3491,28.08,140.8,2,0,Leste
3492,25.38,131.9,2,0,Sul
3493,15.66,12.0,1,1,Leste
3494,36.92,7.5,1,1,Oeste
3495,23.96,19.8,3,0,Sul
3496,23.94,66.9,2,0,Oeste
3497,36.08,86.8,4,0,Oeste
3498,17.89,56.4,3,1,Leste
3499,24.62,50.5,2,0,Sul
3500,26.36,218.9,2,0,Sul
3501,23.15,22.6,3,0,Leste
3502,27.19,17.8,5,0,Sul
3503,20.35,12.8,3,1,Sul
3504,24.45,46.8,3,0,Oeste
3505,26.05,28.7,2,1,Sul
3506,35.94,64.1,2,0,Leste
3507,38.25,23.1,2,1,Norte
3508,26.36,54.8,2,0,Leste
3509,34.59,24.4,3,0,Oeste
3510,19.2,29.1,3,0,Sul
3511,43.01,31.4,5,0,Sul
3512,23.04,8.5,4,0,Leste
3513,24.74,29.6,5,1,Leste
3514,29.26,51.9,6,0,Leste
3515,31.82,15.0,4,0,Sul
3516,23.63,152.6,3,1,Sul
3517,8.93,33.2,2,0,Oeste
3518,30.25,20.1,4,0,Oeste
3519,17.72,19.6,3,0,Leste
3520,31.19,99.1,1,0,Leste
3521,31.02,17.1,5,0,Leste
3522,26.54,42.0,4,0,Leste
3523,32.23,67.1,3,0,Sul
3524,21.08,51.6,1,0,Leste
3525,36.0,21.1,2,0,Leste
3526,26.3,64.8,7,0,Norte
3527,23.52,37.5,2,1,Leste
3528,34.13,8.4,4,0,Leste
3529,19.68,88.1,3,1,Leste
3530,8.16,20.3,5,0,Leste
3531,15.02,28.8,1,0,Oeste
3532,36.48,42.4,3,0,Norte
3533,27.0,21.6,4,0,Leste
3534,26.36,60.7,2,0,Leste
3535,32.29,13.7,1,0,Leste
3536,27.36,20.9,2,0,Sul
3537,22.8,88.3,5,0,Sul
3538,21.49,33.8,3,0,Oeste
3539,15.6,14.2,2,0,Leste
3540,16.46,35.3,2,0,Oeste
3541,26.4,45.7,3,0,Leste
3542,23.75,9.3,2,0,Leste
3543,28.9,124.4,4,0,Leste
3544,24.31,138.6,5,0,Leste
3545,16.49,36.5,3,0,Sul
3546,26.96,28.2,3,0,Leste
3547,26.48,33.7,5,0,Leste
3548,25.14,67.7,2,0,Sul
3549,26.26,47.6,2,0,Sul
3550,40.73,40.1,3,0,Norte
3551,15.47,100.1,2,0,Oeste
3552,17.34,81.8,2,0,Norte
3553,11.38,15.4,4,0,Leste
3554,25.74,67.4,6,0,Leste
3555,9.51,83.2,4,0,Leste
3556,26.79,41.4,2,0,Leste
3557,24.55,53.5,3,0,Norte
3558,20.41,25.9,7,0,Leste
3559,28.78,12.6,2,0,Leste
3560,27.37,149.9,3,0,Leste
3561,37.84,11.3,5,0,Sul
3562,29.9,127.1,4,0,Oeste
3563,24.49,31.4,3,0,Leste
3564,6.75,89.8,1,0,Oeste
3565,32.44,33.7,6,0,Leste
3566,32.5,70.1,1,0,Leste
3567,35.59,47.4,2,0,Oeste
3568,6.7,19.4,3,0,Oeste
3569,26.64,36.9,3,0,Leste
3570,30.27,29.5,5,0,Sul
3571,34.61,55.4,4,0,Sul
3572,29.82,37.1,3,0,Sul
3573,25.48,41.6,3,0,Sul
3574,16.85,14.6,2,1,Sul
3575,24.06,11.9,2,1,Oeste
3576,28.11,35.0,2,0,Norte
3577,31.26,38.3,7,0,Leste
3578,12.31,14.3,1,0,Sul
3579,27.36,52.3,4,0,Sul
3580,13.22,54.2,5,0,Norte
3581,27.13,37.5,4,0,Sul
3582,15.82,33.5,4,0,Leste
3583,13.46,12.0,1,0,Oeste
3584,39.48,11.9,1,0,Sul
3585,1391.44,45.4,3,0,Leste
3586,19.91,17.1,3,0,Leste
3587,24.84,18.1,1,0,Oeste
3588,471.93,41.4,2,0,Leste
3589,31.28,169.0,1,0,Leste
3590,19.39,24.1,7,0,Leste
3591,16.84,170.8,3,1,Leste
3592,32.4,31.2,6,0,Norte
3593,14.31,52.0,5,0,Leste
3594,28.58,71.4,2,0,Oeste
3595,25.19,75.6,5,0,Leste
3596,25.46,43.4,5,0,Leste
3597,24.55,27.6,3,0,Leste
3598,26.03,64.2,2,0,Sul
3599,6.78,46.5,3,0,Leste
3600,18.01,23.4,3,0,Leste
3601,17.69,102.2,3,0,Leste
3602,33.86,47.7,5,0,Leste
3603,26.27,18.2,1,0,Oeste
3604,25.09,16.6,2,0,Sul
3605,39.85,158.7,2,0,Leste
3606,8.8,22.3,3,0,Leste
3607,36.32,60.5,4,0,Leste
3608,25.09,44.8,1,0,Sul
3609,18.96,58.9,2,1,Leste
3610,20.73,152.8,2,1,Oeste
3611,21.01,73.5,1,0,Leste
3612,37.0,64.6,2,0,Oeste
3613,26.91,28.3,3,0,Oeste
3614,30.49,19.5,2,0,Sul
3615,19.06,229.4,3,0,Sul
3616,25.89,32.0,4,0,Oeste
3617,32.27,30.4,4,0,Oeste
3618,34.01,41.7,3,0,Norte
3619,14.28,38.6,3,0,Norte
3620,31.47,118.4,1,0,Sul
3621,23.83,51.0,2,0,Oeste
3622,27.92,11.6,2,0,Sul
3623,20.78,19.5,3,0,Leste
3624,37.21,33.4,7,0,Leste
3625,27.08,75.2,2,0,Norte
3626,20.3,9.8,2,0,Leste
3627,21.09,49.2,4,0,Sul
3628,31.88,59.4,5,0,Oeste
3629,30.77,67.1,2,0,Sul
3630,25.64,31.1,3,0,Leste
3631,21.91,76.7,3,0,Leste
3632,32.64,17.3,2,0,Sul
3633,20.79,70.6,2,0,Norte
3634,20.39,31.5,1,0,Leste
3635,45.21,34.3,2,0,Sul
3636,28.03,34.0,3,0,Leste
3637,24.34,55.7,4,1,Leste
3638,21.45,13.7,3,0,Leste
3639,23.32,67.2,6,0,Leste
3640,34.98,66.5,2,0,Leste
3641,31.63,26.0,2,0,Leste
3642,19.81,33.2,2,1,Leste
3643,22.36,16.7,4,0,Sul
3644,14.48,13.1,3,0,Sul
3645,27.11,38.8,1,0,Leste
3646,6.74,39.0,3,0,Leste
3647,12.67,25.3,3,0,Leste
3648,25.74,12.2,2,0,Norte
3649,4.0,47.7,1,0,Leste
3650,43.27,24.8,2,1,Sul
3651,17.91,18.2,4,0,Sul
3652,28.87,91.9,2,0,Leste
3653,35.14,15.2,6,0,Sul
3654,27.15,51.9,3,0,Leste
3655,24.96,10.0,4,0,Sul
3656,20.46,10.5,3,0,Leste
3657,14.46,48.7,1,0,Leste
3658,21.2,25.3,2,0,Sul
3659,25.82,13.0,2,0,Sul
3660,24.79,70.8,4,1,Oeste
3661,17.36,44.6,5,0,Leste
3662,33.51,6.0,3,0,Leste
3663,13.56,71.3,4,0,Norte
3664,29.76,14.1,1,0,Leste
3665,31.81,8.4,1,0,Leste
3666,26.9,17.2,2,0,Leste
3667,38.31,32.0,3,0,Leste
3668,28.24,35.2,3,0,Sul
3669,36.03,9.0,3,0,Sul
3670,3.67,10.7,3,0,Leste
3671,32.5,18.0,1,0,Oeste
3672,29.69,19.0,3,0,Sul
3673,29.28,60.9,2,0,Leste
3674,29.94,23.8,1,0,Sul
3675,21.15,60.0,2,0,Norte
3676,31.07,79.6,2,0,Sul
3677,39.25,51.7,1,0,Sul
3678,9.98,2.8,3,0,Leste
3679,34.52,26.0,3,0,Leste
3680,23.97,29.0,3,0,Sul
3681,19.72,31.7,3,0,Norte
3682,15.32,6.3,1,0,Leste
3683,28.04,18.0,4,0,Sul
3684,37.66,11.1,1,0,Leste
3685,21.89,15.8,3,0,Sul
3686,30.33,26.9,1,0,Leste
3687,24.92,18.3,5,1,Sul
3688,11.85,16.7,1,0,Norte
3689,23.57,28.3,6,0,Sul
3690,19.68,22.3,5,0,Sul
3691,16.89,38.9,1,0,Leste
3692,21.56,23.7,1,0,Leste
3693,22.45,9.4,3,0,Sul
3694,33.05,14.5,4,0,Norte
3695,25.19,25.5,2,0,Leste
3696,13.76,23.1,2,0,Leste
3697,34.65,10.7,3,1,Oeste
3698,28.08,56.9,5,0,Leste
3699,27.25,42.5,2,1,Leste
3700,31.99,20.5,2,0,Leste
3701,24.83,29.1,1,0,Oeste
3702,20.71,14.0,2,0,Leste
3703,27.77,65.5,1,0,Sul
3704,29.98,173.3,2,0,Sul
3705,28.05,19.8,3,1,Sul
3706,31.49,88.2,4,1,Leste
3707,25.8,16.6,2,0,Leste
3708,17.04,21.6,5,0,Leste
3709,19.97,104.3,4,0,Norte
3710,35.98,30.1,3,1,Leste
3711,25.26,57.4,2,0,Leste
3712,15.98,26.7,4,0,Sul
3713,15.23,7.8,4,0,Leste
3714,14.29,214.8,3,0,Leste
3715,31.59,27.8,2,1,Oeste
3716,27.48,37.5,3,0,Leste
3717,39.76,18.4,3,0,Leste
3718,29.61,61.8,5,0,Leste
3719,30.09,58.3,2,0,Oeste
3720,40.92,9.5,1,0,Leste
3721,17.25,38.0,8,0,Sul
3722,13.0,66.8,2,0,Leste
3723,29.42,86.5,3,1,Sul
3724,23.05,55.5,2,0,Sul
3725,27.38,59.6,8,0,Oeste
3726,34.8,21.5,2,1,Leste
3727,31.09,12.4,5,0,Leste
3728,37.13,25.8,1,0,Sul
3729,17.74,12.2,2,0,Sul
3730,32.18,18.3,4,0,Sul
3731,18.82,18.1,6,0,Sul
3732,38.35,15.6,4,1,Leste
3733,28.58,50.7,2,0,Sul
3734,29.06,14.7,2,0,Leste
3735,20.34,143.8,4,0,Sul
3736,20.75,73.1,2,0,Oeste
3737,28.24,85.8,4,0,Sul
3738,38.99,19.1,3,0,Norte
3739,37.66,38.9,1,0,Norte
3740,27.87,14.4,1,0,Leste
3741,21.63,39.4,3,1,Leste
3742,29.58,8.1,4,0,Leste
3743,35.04,77.5,2,0,Leste
3744,26.69,19.8,3,0,Norte
3745,21.9,42.2,2,0,Leste
3746,30.43,48.9,2,0,Leste
3747,23.08,21.3,2,0,Sul
3748,22.16,17.5,4,0,Sul
3749,24.55,30.1,2,0,Sul
3750,30.33,63.0,5,1,Sul
3751,23.22,29.4,4,1,Leste
3752,24.7,53.6,5,1,Sul
3753,26.15,62.5,3,0,Sul
3754,21.95,28.4,2,0,Sul
3755,37.4,30.3,2,0,Oeste
3756,39.74,37.0,3,0,Oeste
3757,22.58,82.6,3,0,Sul
3758,18.62,25.2,3,0,Sul
3759,21.29,82.3,5,0,Sul
3760,28.57,40.6,2,0,Leste
3761,24.31,18.4,3,0,Norte
3762,14.77,32.0,2,0,Leste
3763,23.75,13.5,2,0,Leste
3764,28.26,11.3,4,0,Oeste
3765,32.88,53.8,2,0,Sul
3766,39.06,62.7,5,0,Leste
3767,21.42,32.3,3,0,Leste
3768,20.01,34.4,1,0,Sul
3769,23.0,20.9,6,0,Sul
3770,17.44,37.9,4,0,Sul
3771,19.4,161.6,3,0,Sul
3772,19.45,74.3,1,1,Sul
3773,27.62,31.2,1,0,Leste
3774,18.34,29.1,5,0,Leste
3775,31.6,24.5,2,0,Oeste
3776,34.19,10.7,2,1,Sul
3777,15.99,22.5,2,0,Oeste
3778,14.56,56.8,5,0,Sul
3779,20.71,15.7,2,0,Leste
3780,21.79,26.5,7,1,Sul
3781,35.13,13.5,4,0,Sul
3782,24.6,62.1,1,0,Oeste
3783,28.36,12.0,2,0,Sul
3784,28.34,53.2,4,0,Leste
3785,17.96,75.4,3,0,Leste
3786,22.99,25.6,3,0,Leste
3787,24.9,19.1,3,0,Leste
3788,28.02,48.4,2,0,Leste
3789,13.53,119.3,2,0,Norte
3790,20.24,96.9,3,1,Leste
3791,25.09,31.2,2,0,Oeste
3792,21.48,16.3,3,0,Norte
3793,13.78,27.5,3,0,Sul
3794,19.22,8.6,3,0,Leste
3795,13.86,21.2,3,0,Leste
3796,36.05,47.5,4,0,Leste
3797,22.44,24.7,2,0,Sul
3798,24.48,20.5,7,0,Leste
3799,17.17,31.7,3,0,Sul
3800,26.85,26.7,2,0,Leste
3801,30.56,60.6,1,0,Leste
3802,17.67,11.5,3,1,Sul
3803,17.85,50.5,2,0,Leste
3804,21.04,31.9,2,1,Oeste
3805,313.45,46.9,2,0,Leste
3806,28.04,10.9,2,1,Leste
3807,31.07,67.1,3,0,Leste
3808,13.54,51.1,1,0,Leste
3809,32.05,126.3,2,0,Norte
3810,32.05,17.0,4,0,Sul
3811,2.27,20.7,2,0,Sul
3812,16.17,7.9,3,0,Leste
3813,20.15,17.1,2,0,Leste
3814,29.55,104.3,1,0,Sul
3815,28.5,41.9,4,0,Leste
3816,17.6,18.5,2,0,Leste
3817,38.0,36.8,8,0,Leste
3818,19.4,31.5,4,0,Sul
3819,18.32,7.2,1,0,Leste
3820,15.71,8.3,4,0,Sul
3821,23.57,80.3,4,0,Norte
3822,32.23,59.7,4,0,Oeste
3823,17.79,10.1,1,0,Sul
3824,26.67,29.9,1,0,Norte
3825,26.63,18.7,2,0,Oeste
3826,24.75,79.1,3,0,Sul
3827,27.58,47.4,2,0,Leste
3828,32.25,13.7,8,0,Sul
3829,27.18,36.5,2,0,Sul
3830,33.37,32.0,1,0,Sul
3831,16.2,32.1,3,0,Sul
3832,21.46,22.0,4,0,Leste
3833,16.21,33.8,4,0,Leste
3834,29.38,16.8,3,0,Leste
3835,34.77,12.8,3,0,Oeste
3836,22.52,12.2,2,0,Norte
3837,27.25,14.3,2,1,Leste
3838,13.04,46.4,3,0,Leste
3839,25.17,47.4,2,1,Oeste
3840,11.61,106.5,2,0,Norte
3841,25.49,27.6,4,0,Leste
3842,9.61,58.0,3,0,Oeste
3843,38.56,34.4,3,0,Sul
3844,24.59,42.1,2,0,Oeste
3845,24.28,63.2,3,0,Norte
3846,40.27,52.8,4,0,Leste
3847,25.53,36.1,2,1,Oeste
3848,12.12,20.3,4,0,Leste
3849,21.55,41.3,4,0,Leste
3850,40.56,98.6,3,0,Norte
3851,17.84,38.1,4,0,Oeste
3852,21.48,24.1,7,0,Leste
3853,37.37,63.9,4,0,Norte
3854,18.83,10.9,2,1,Leste
3855,24.24,24.8,3,0,Leste
3856,35.8,15.1,3,0,Sul
3857,20.41,30.0,3,0,Sul
3858,18.61,89.8,4,0,Norte
3859,10.26,55.3,3,0,Leste
3860,16.18,7.4,6,0,Leste
3861,17.93,20.2,3,0,Leste
3862,22.09,10.0,1,0,Leste
3863,27.86,77.2,1,0,Oeste
3864,24.64,20.8,2,0,Leste
3865,15.15,35.2,4,0,Norte
3866,35.88,36.6,2,0,Leste
3867,16.18,39.0,2,0,Leste
3868,39.43,3.3,3,0,Leste
3869,26.21,44.2,2,0,Leste
3870,33.36,21.4,3,0,Sul
3871,29.24,65.1,4,0,Oeste
3872,37.05,38.9,6,0,Sul
3873,24.65,54.9,4,0,Leste
3874,22.87,18.5,2,0,Norte
3875,27.44,13.4,4,0,Oeste
3876,22.8,67.5,1,0,Sul
3877,28.63,52.0,6,0,Norte
3878,37.4,39.6,4,0,Sul
3879,11.48,39.5,2,0,Sul
3880,24.39,46.4,4,0,Sul
3881,42.6,11.8,1,0,Leste
3882,21.88,78.3,5,0,Leste
3883,33.11,29.3,3,1,Norte
3884,31.96,30.0,1,0,Sul
3885,13.5,23.7,1,1,Leste
3886,27.37,4.6,2,1,Leste
3887,1074.84,52.5,2,1,Leste
3888,50.46,14.9,2,0,Leste
3889,3.99,36.1,1,0,Sul
3890,12.04,17.2,3,0,Norte
3891,23.17,25.2,4,0,Sul
3892,22.14,24.1,3,0,Leste
3893,17.93,16.9,2,0,Oeste
3894,18.44,27.6,4,0,Leste
3895,30.47,22.5,2,0,Norte
3896,18.28,14.4,6,0,Sul
3897,20.67,84.6,3,0,Sul
3898,32.98,17.4,3,0,Leste
3899,31.75,51.9,5,0,Norte
3900,21.18,56.5,2,0,Oeste
3901,13.28,69.3,1,0,Sul
3902,32.03,21.4,4,0,Oeste
3903,17.48,28.2,2,1,Leste
3904,35.33,29.0,2,0,Leste
3905,28.36,50.5,5,0,Leste
3906,23.45,27.3,3,0,Leste
3907,28.51,47.8,2,0,Leste
3908,9.38,27.0,4,0,Leste
3909,36.84,80.9,2,0,Leste
3910,23.33,32.8,4,0,Oeste
3911,26.34,29.8,5,0,Leste
3912,20.39,43.4,5,0,Leste
3913,23.63,122.5,2,0,Oeste
3914,37.78,20.4,5,1,Sul
3915,22.84,76.1,1,1,Norte
3916,21.66,17.2,1,0,Leste
3917,30.47,34.3,1,0,Leste
3918,27.48,17.5,2,0,Leste
3919,37.43,24.6,5,0,Leste
3920,8.87,19.2,2,0,Leste
3921,21.32,57.9,3,1,Leste
3922,13.6,22.2,2,0,Norte
3923,34.85,50.6,6,0,Leste
3924,14.66,21.7,2,0,Leste
3925,27.64,33.0,2,1,Sul
3926,14.54,106.3,3,0,Leste
3927,21.01,18.2,3,0,Leste
3928,17.04,18.5,3,0,Sul
3929,24.94,27.2,3,0,Sul
3930,41.22,32.7,2,0,Oeste
3931,13.6,54.4,3,1,Sul
3932,15.9,34.3,5,0,Sul
3933,29.78,40.3,5,0,Sul
3934,23.78,13.2,5,0,Leste
3935,14.82,42.2,5,0,Leste
3936,21.23,43.1,2,0,Leste
3937,12.89,56.7,7,0,Norte
3938,21.08,25.5,5,0,Oeste
3939,17.23,32.9,3,0,Sul
3940,27.49,58.3,2,0,Sul
3941,30.15,14.2,2,0,Leste
3942,3.77,7.9,3,1,Sul
3943,25.86,13.6,5,0,Oeste
3944,6.57,19.9,3,0,Oeste
3945,25.05,78.1,2,0,Sul
3946,37.73,167.9,5,0,Oeste
3947,22.21,16.0,2,0,Leste
3948,27.05,31.0,4,0,Oeste
3949,30.9,21.7,7,0,Sul
3950,1089.09,48.7,1,0,Leste
3951,31.68,41.4,4,0,Sul
3952,28.48,16.4,4,0,Leste
3953,18.97,20.1,3,1,Norte
3954,30.16,29.5,1,0,Leste
3955,36.92,88.6,5,0,Sul
3956,28.88,19.6,7,0,Sul
3957,26.52,9.6,4,1,Leste
3958,11.6,93.9,4,0,Oeste
3959,16.5,49.3,2,0,Leste
3960,19.25,13.1,2,0,Oeste
3961,16.21,42.3,3,0,Sul
3962,23.69,63.4,3,0,Leste
3963,17.57,35.7,3,0,Leste
3964,31.93,98.5,3,0,Norte
3965,21.81,51.6,3,0,Leste
3966,16.07,42.3,5,0,Leste
3967,17.62,39.0,3,0,Leste
3968,25.55,36.9,1,0,Leste
3969,22.74,66.9,3,0,Leste
3970,25.33,29.4,3,0,Norte
3971,23.03,70.8,4,1,Sul
3972,38.74,42.5,3,0,Leste
3973,31.85,36.0,4,0,Sul
3974,1090.44,25.9,3,0,Norte
3975,9.43,26.1,5,0,Leste
3976,22.12,42.7,2,1,Leste
3977,15.9,74.5,2,0,Sul
3978,11.17,49.6,2,0,Leste
3979,30.11,18.7,2,0,Leste
3980,24.92,9.2,3,0,Sul
3981,33.98,59.8,4,0,Leste
3982,24.41,283.3,8,0,Leste
3983,23.25,26.6,4,0,Leste
3984,14.8,22.9,3,0,Leste
3985,19.99,63.8,3,0,Norte
3986,10.65,16.6,3,1,Leste
3987,33.31,109.6,2,0,Sul
3988,14.47,46.1,2,0,Oeste
3989,26.77,32.4,4,0,Leste
3990,23.03,17.8,4,0,Leste
3991,28.11,67.1,4,0,Sul
3992,25.28,23.2,3,0,Sul
3993,14.42,58.4,5,0,Sul
3994,22.34,45.6,3,0,Leste
3995,35.13,93.1,3,0,Sul
3996,18.41,37.6,3,0,Leste
3997,34.26,400.6,2,0,Sul
3998,30.29,51.6,3,0,Oeste
3999,26.11,37.2,1,0,Sul
4000,19.09,24.3,4,0,Oeste
4001,27.18,66.8,4,0,Oeste
4002,20.92,24.7,4,0,Leste
4003,33.84,17.8,4,0,Leste
4004,14.7,22.8,2,0,Leste
4005,27.46,28.4,2,0,Leste
4006,25.23,200.3,3,0,Sul
4007,27.63,41.8,3,0,Sul
4008,30.74,19.5,1,0,Leste
4009,17.89,79.1,1,0,Leste
4010,17.89,38.5,1,0,Leste
4011,26.72,93.3,3,0,Sul
4012,32.72,152.8,2,0,Sul
4013,23.01,10.0,4,0,Norte
4014,36.5,5.0,2,0,Norte
4015,22.6,162.9,3,0,Sul
4016,19.31,19.1,4,0,Norte
4017,28.63,8.5,2,1,Sul
4018,20.63,21.8,5,1,Leste
4019,20.73,15.3,2,0,Norte
4020,27.08,17.8,3,0,Leste
4021,32.45,65.7,2,0,Sul
4022,27.42,24.8,5,0,Oeste
4023,25.87,9.1,5,0,Leste
4024,40.39,34.0,1,0,Sul
4025,30.57,16.8,4,0,Leste
4026,22.29,27.1,2,0,Sul
4027,33.82,28.4,3,0,Leste
4028,23.08,65.1,1,0,Sul
4029,29.83,22.1,3,0,Oeste
4030,29.32,57.9,4,0,Leste
4031,25.02,9.2,1,0,Sul
4032,19.21,68.0,5,0,Leste
4033,24.78,93.6,1,0,Sul
4034,21.21,27.5,7,1,Leste
4035,27.11,17.2,5,0,Leste
4036,28.38,14.0,8,1,Leste
4037,478.98,32.4,1,1,Sul
4038,27.7,87.6,3,0,Leste
4039,48.4,23.6,1,0,Leste
4040,22.47,80.6,2,0,Sul
4041,32.91,13.2,3,0,Sul
4042,30.94,25.0,3,0,Sul
4043,11.86,32.0,3,0,Oeste
4044,28.98,39.4,2,0,Sul
4045,18.27,25.4,5,0,Leste
4046,23.42,89.8,3,0,Norte
4047,13.33,90.9,4,0,Sul
4048,28.54,28.8,3,0,Leste
4049,22.27,21.8,4,0,Oeste
4050,35.76,20.5,2,0,Leste
4051,14.12,75.8,3,1,Leste
4052,32.27,19.5,6,0,Leste
4053,28.37,10.3,4,0,Norte
4054,18.13,11.6,3,0,Sul
4055,12.64,56.5,1,0,Leste
4056,22.68,11.1,2,0,Oeste
4057,26.89,24.1,3,0,Oeste
4058,16.48,35.9,5,0,Sul
4059,17.41,8.6,2,1,Sul
4060,32.92,38.3,6,1,Sul
4061,18.75,25.5,4,0,Oeste
4062,29.64,7.2,3,0,Oeste
4063,34.75,38.7,6,0,Leste
4064,18.57,45.5,4,0,Sul
4065,15.0,38.4,2,0,Leste
4066,31.98,49.6,3,0,Leste
4067,22.61,40.7,4,0,Sul
4068,21.49,59.4,1,1,Leste
4069,36.43,15.5,3,0,Norte
4070,22.86,10.8,4,0,Sul
4071,27.22,13.1,3,0,Oeste
4072,12.11,17.3,1,0,Leste
4073,24.39,166.9,2,0,Leste
4074,17.95,17.4,2,0,Leste
4075,20.94,21.8,3,0,Sul
4076,20.47,27.5,3,0,Leste
4077,35.41,24.9,4,0,Leste
4078,19.69,141.5,5,0,Leste
4079,20.72,8.3,3,0,Leste
4080,37.28,190.2,1,0,Sul
4081,22.15,37.2,1,0,Sul
4082,20.04,71.5,4,0,Leste
4083,33.8,33.7,3,0,Sul
4084,25.13,63.6,2,0,Leste
4085,25.7,15.6,6,0,Sul
4086,27.39,11.2,2,0,Sul
4087,35.72,263.6,4,0,Sul
4088,16.73,153.1,5,0,Oeste
4089,34.16,14.3,5,0,Sul
4090,13.05,58.7,7,0,Leste
4091,18.48,83.6,2,0,Leste
4092,17.83,56.2,5,0,Norte
4093,23.87,28.0,5,0,Leste
4094,19.0,167.3,2,1,Leste
4095,35.17,57.4,2,0,Leste
4096,29.16,15.8,4,0,Oeste
4097,24.88,24.3,8,0,Sul
4098,17.97,14.1,8,0,Norte
4099,36.21,30.4,2,0,Oeste
4100,25.79,29.6,3,0,Sul
4101,22.99,60.6,4,0,Leste
4102,23.91,59.9,3,0,Leste
4103,23.22,45.2,5,0,Sul
4104,31.77,44.2,4,0,Leste
4105,34.04,76.3,1,0,Sul
4106,962.72,27.6,2,0,Sul
4107,19.78,4.9,2,1,Sul
4108,20.18,179.2,5,0,Leste
4109,27.56,16.0,6,1,Sul
4110,32.98,57.8,3,0,Leste
4111,14.02,25.2,3,0,Oeste
4112,16.63,101.3,7,0,Leste
4113,22.25,15.3,3,0,Leste
4114,29.27,18.8,4,0,Leste
4115,17.47,22.2,3,0,Sul
4116,21.91,51.6,6,0,Leste
4117,19.23,39.6,1,1,Leste
4118,31.06,52.0,1,0,Oeste
4119,24.12,36.6,1,0,Oeste
4120,19.17,69.8,2,0,Oeste
4121,15.59,70.7,4,0,Oeste
4122,21.83,111.2,2,0,Leste
4123,22.89,43.6,4,0,Leste
4124,31.78,43.4,2,1,Oeste
4125,33.15,136.1,4,0,Sul
4126,15.54,86.3,2,0,Oeste
4127,32.88,50.1,5,0,Leste
4128,30.7,10.9,2,1,Leste
4129,20.75,8.6,7,0,Leste
4130,31.06,54.1,7,0,Oeste
4131,18.66,55.9,4,0,Sul
4132,28.25,18.6,2,0,Leste
4133,44.4,44.0,2,0,Leste
4134,26.84,16.0,3,0,Sul
4135,22.27,52.3,3,0,Leste
4136,14.49,53.4,1,0,Leste
4137,25.66,53.2,3,0,Leste
4138,32.98,43.3,2,0,Sul
4139,19.33,26.2,6,0,Leste
4140,29.33,28.0,2,0,Leste
4141,22.89,83.7,2,0,Leste
4142,21.81,46.2,3,0,Sul
4143,28.91,48.9,1,0,Oeste
4144,9.85,35.5,2,0,Leste
4145,23.47,55.8,4,1,Leste
4146,32.9,71.3,1,0,Leste
4147,23.52,20.0,5,0,Sul
4148,25.06,53.2,2,0,Leste
4149,23.94,27.6,1,0,Leste
4150,40.3,42.6,5,0,Leste
4151,28.08,64.6,4,0,Leste
4152,14.79,10.4,2,0,Leste
4153,18.07,13.9,4,0,Sul
4154,25.75,19.5,3,0,Leste
4155,35.06,18.5,4,0,Sul
4156,30.29,29.1,2,0,Sul
4157,32.94,128.2,2,0,Oeste
4158,15.96,85.0,3,0,Leste
4159,30.05,20.8,2,1,Leste
4160,19.1,66.4,7,0,Leste
4161,24.04,32.0,4,0,Oeste
4162,31.8,43.6,6,0,Leste
4163,20.45,15.1,2,0,Leste
4164,13.48,11.5,2,0,Sul
4165,22.06,59.5,4,0,Oeste
4166,25.97,34.0,1,0,Leste
4167,30.46,50.3,2,0,Oeste
4168,17.89,118.5,1,0,Sul
4169,20.57,27.4,3,0,Sul
4170,26.72,27.6,3,0,Sul
4171,29.37,136.3,3,0,Sul
4172,26.62,33.6,2,1,Oeste
4173,23.83,17.4,2,0,Norte
4174,19.08,59.7,2,0,Norte
4175,32.1,27.4,2,0,Sul
4176,34.71,17.1,2,1,Sul
4177,20.32,35.6,1,0,Sul
4178,21.2,64.2,3,0,Leste
4179,30.47,13.1,4,0,Leste
4180,26.34,12.9,3,0,Norte
4181,29.66,31.1,7,0,Leste
4182,27.17,13.7,3,0,Leste
4183,28.04,11.9,8,0,Sul
4184,21.74,33.3,1,0,Leste
4185,9.02,80.2,3,0,Leste
4186,26.55,62.2,3,0,Leste
4187,30.52,30.4,5,0,Leste
4188,27.29,92.4,3,0,Norte
4189,19.03,132.7,2,0,Oeste
4190,20.37,49.1,2,0,Leste
4191,44.66,24.7,7,0,Oeste
4192,27.81,115.6,4,0,Norte
4193,6.22,111.6,1,0,Oeste
4194,20.41,40.6,3,0,Leste
4195,23.26,88.1,6,0,Leste
4196,15.09,17.7,2,0,Norte
4197,23.96,6.3,3,0,Leste
4198,21.06,15.2,1,0,Oeste
4199,26.57,39.1,4,0,Leste
4200,22.72,31.2,2,0,Leste
4201,19.4,71.5,3,0,Oeste
4202,22.29,10.1,3,0,Leste
4203,31.78,10.2,4,0,Leste
4204,25.51,60.9,4,1,Leste
4205,23.28,10.5,2,0,Oeste
4206,27.81,26.7,2,0,Norte
4207,24.99,33.8,2,0,Leste
4208,16.15,19.7,1,0,Leste
4209,30.49,52.6,6,0,Leste
4210,20.01,6.4,3,0,Leste
4211,22.26,143.4,3,0,Oeste
4212,12.89,25.4,3,0,Oeste
4213,31.58,28.9,3,0,Norte
4214,26.0,285.7,2,0,Leste
4215,27.28,11.2,2,0,Norte
4216,31.51,14.4,2,0,Sul
4217,31.58,101.9,1,0,Leste
4218,19.37,9.5,5,0,Oeste
4219,25.1,49.2,4,0,Leste
4220,24.31,20.4,3,0,Sul
4221,23.56,9.1,6,0,Norte
4222,18.56,50.5,5,0,Leste
4223,36.4,51.7,4,1,Leste
4224,33.11,33.2,4,0,Sul
4225,28.55,173.3,3,0,Oeste
4226,35.85,17.9,2,0,Oeste
4227,28.8,66.2,5,0,Leste
4228,22.58,43.0,4,0,Oeste
4229,21.63,72.0,3,0,Sul
4230,28.09,22.1,6,0,Leste
4231,13.97,10.9,4,0,Leste
4232,31.93,19.2,2,0,Sul
4233,11.97,31.5,2,0,Oeste
4234,33.82,57.1,4,1,Leste
4235,28.97,33.6,1,0,Leste
4236,40.61,39.3,5,0,Sul
4237,26.44,131.7,2,0,Norte
4238,30.25,32.5,2,0,Sul
4239,30.58,21.6,3,0,Leste
4240,17.92,47.1,4,0,Leste
4241,16.46,8.4,3,0,Sul
4242,17.53,8.4,3,0,Leste
4243,24.74,29.7,3,0,Leste
4244,24.94,15.7,2,0,Leste
4245,25.27,20.4,2,0,Leste
4246,28.95,70.0,4,1,Oeste
4247,19.06,50.5,1,0,Leste
4248,31.71,31.1,3,0,Leste
4249,28.44,35.4,4,0,Sul
4250,37.65,23.6,5,1,Sul
4251,28.45,65.3,6,0,Norte
4252,24.44,62.4,1,0,Leste
4253,42.18,73.2,3,0,Sul
4254,24.33,70.5,3,0,Sul
4255,27.32,34.6,2,0,Leste
4256,28.48,18.9,1,0,Sul
4257,32.45,29.0,2,1,Sul
4258,25.68,36.4,4,0,Sul
4259,47.14,19.3,2,0,Leste
4260,20.41,122.0,3,0,Sul
4261,36.92,122.5,1,0,Leste
4262,13.3,30.1,3,1,Leste
4263,17.12,75.5,5,0,Leste
4264,12.55,51.8,2,0,Leste
4265,17.6,22.3,3,0,Leste
4266,11.91,46.0,3,0,Norte
4267,25.87,17.8,2,0,Sul
4268,17.86,16.4,5,0,Sul
4269,37.12,48.5,2,0,Sul
4270,29.02,49.0,2,1,Sul
4271,25.53,285.8,2,0,Sul
4272,27.13,29.2,4,1,Leste
4273,30.17,21.7,4,0,Leste
4274,34.54,69.3,4,0,Sul
4275,21.02,32.5,5,0,Leste
4276,19.55,19.7,3,0,Sul
4277,28.32,20.7,4,0,Sul
4278,37.55,28.7,1,0,Leste
4279,14.1,77.0,3,0,Norte
4280,28.19,46.8,2,0,Norte
4281,35.33,17.0,2,0,Leste
4282,29.93,143.7,1,0,Oeste
4283,27.66,16.0,2,0,Leste
4284,29.32,18.4,3,0,Norte
4285,39.43,84.2,5,0,Leste
4286,31.36,109.7,6,0,Leste
4287,12.59,43.9,2,0,Leste
4288,24.32,11.8,3,0,Leste
4289,25.7,35.8,3,0,Leste
4290,33.21,11.1,3,0,Sul
4291,25.67,241.7,1,0,Leste
4292,25.13,41.7,4,0,Leste
4293,25.34,62.9,3,0,Leste
4294,26.92,24.6,2,1,Leste
4295,24.25,140.4,5,0,Oeste
4296,21.65,22.2,1,0,Oeste
4297,23.82,16.7,5,0,Oeste
4298,27.44,42.3,5,0,Leste
4299,29.97,67.0,2,0,Oeste
4300,46.89,181.8,2,0,Norte
4301,14.37,120.5,2,0,Sul
4302,29.7,86.1,5,1,Leste
4303,36.81,19.1,1,0,Leste
4304,18.81,18.8,3,0,Leste
4305,30.48,16.4,3,0,Leste
4306,22.08,29.4,3,0,Sul
4307,20.87,7.2,5,0,Sul
4308,19.13,98.7,5,0,Leste
4309,24.27,14.6,5,0,Sul
4310,23.97,13.2,3,0,Sul
4311,31.03,23.9,5,0,Sul
4312,13.45,11.3,4,1,Sul
4313,31.8,55.4,3,0,Leste
4314,31.62,15.3,5,0,Sul
4315,27.47,49.5,3,1,Leste
4316,43.3,69.4,3,0,Norte
4317,34.87,21.3,2,0,Leste
4318,20.99,18.7,3,0,Sul
4319,15.48,17.4,1,0,Leste
4320,19.5,13.9,3,0,Leste
4321,20.35,23.7,2,0,Sul
4322,10.37,34.9,2,1,Oeste
4323,28.95,11.0,4,0,Leste
4324,14.49,19.8,4,0,Leste
4325,26.86,37.6,3,0,Sul
4326,32.5,34.0,4,1,Oeste
4327,36.2,3.9,3,0,Leste
4328,22.99,55.0,3,1,Sul
4329,19.27,89.2,2,0,Sul
4330,35.69,20.9,3,0,Leste
4331,37.05,8.3,1,0,Leste
4332,30.46,18.0,2,0,Leste
4333,19.46,17.5,3,0,Leste
4334,14.46,86.5,2,0,Leste
4335,33.93,13.8,2,0,Sul
4336,24.51,24.9,4,0,Sul
4337,34.92,126.8,4,0,Leste
4338,19.68,37.7,4,1,Oeste
4339,33.87,38.7,3,0,Sul
4340,36.26,30.5,5,0,Leste
4341,23.06,72.4,3,0,Leste
4342,27.47,45.8,3,0,Leste
4343,15.71,145.9,2,0,Leste
4344,15.91,159.2,2,0,Leste
4345,27.54,42.6,2,0,Norte
4346,20.68,32.1,2,0,Oeste
4347,26.93,37.7,2,0,Leste
4348,26.31,21.0,4,0,Oeste
4349,30.22,36.9,3,0,Leste
4350,29.24,10.4,1,0,Oeste
4351,32.36,18.7,3,0,Sul
4352,26.82,62.1,2,0,Sul
4353,27.46,50.9,3,0,Oeste
4354,24.98,29.9,3,1,Sul
4355,33.4,46.3,5,0,Norte
4356,39.72,110.5,6,0,Leste
4357,31.0,24.3,2,0,Leste
4358,28.98,10.5,1,0,Sul
4359,23.26,54.7,2,0,Oeste
4360,26.94,50.9,5,0,Leste
4361,21.84,60.8,3,0,Leste
4362,20.07,12.7,2,0,Leste
4363,23.43,10.0,2,0,Leste
4364,39.32,40.9,5,0,Sul
4365,24.32,38.7,3,0,Sul
4366,37.99,24.9,2,0,Leste
4367,17.22,105.4,3,0,Leste
4368,26.11,32.9,3,0,Leste
4369,30.77,88.7,6,0,Leste
4370,31.18,66.9,4,0,Leste
4371,16.34,13.8,5,0,Leste
4372,15.27,16.3,2,0,Sul
4373,29.96,11.9,3,0,Norte
4374,20.57,46.8,3,0,Oeste
4375,30.08,35.8,1,0,Norte
4376,36.49,97.5,2,0,Sul
4377,19.75,53.3,1,0,Leste
4378,20.82,11.7,4,0,Leste
4379,8.79,22.9,4,0,Oeste
4380,31.41,6.1,2,0,Sul
4381,42.04,41.9,1,0,Norte
4382,15.03,308.8,2,0,Sul
4383,34.95,36.8,3,0,Leste
4384,35.68,38.9,2,0,Sul
4385,31.27,32.7,1,0,Leste
4386,20.16,44.0,3,0,Oeste
4387,23.05,29.2,6,1,Oeste
4388,29.42,54.3,1,0,Sul
4389,718.81,17.9,3,0,Leste
4390,23.0,18.5,4,0,Leste
4391,28.68,11.8,3,0,Oeste
4392,22.11,32.3,3,0,Oeste
4393,24.1,13.7,3,0,Sul
4394,23.38,105.9,3,0,Leste
4395,33.76,23.5,4,1,Sul
4396,13.57,6.9,2,0,Norte
4397,30.2,13.4,7,0,Norte
4398,27.87,36.9,3,0,Leste
4399,6.85,55.8,5,0,Leste
4400,31.97,44.0,2,0,Norte
4401,32.97,17.2,3,0,Leste
4402,21.76,21.0,2,0,Sul
4403,28.88,19.1,3,0,Leste
4404,27.14,52.1,2,0,Sul
4405,42.86,36.3,8,1,Sul
4406,29.02,23.2,3,0,Leste
4407,25.85,19.5,1,1,Sul
4408,33.76,21.8,2,0,Leste
4409,37.86,33.3,5,0,Sul
4410,41.58,96.8,4,0,Leste
4411,20.22,38.4,1,0,Sul
4412,28.44,25.3,2,0,Leste
4413,20.03,23.8,1,0,Leste
4414,43.57,129.2,4,0,Sul
4415,25.38,64.1,4,0,Leste
4416,32.66,72.5,3,0,Norte
4417,23.68,60.2,1,0,Leste
4418,28.99,31.8,3,0,Sul
4419,10.55,86.3,4,0,Leste
4420,33.32,10.2,2,0,Leste
4421,35.42,114.5,4,0,Oeste
4422,20.26,60.0,5,1,Leste
4423,10.52,48.8,5,0,Leste
4424,36.86,18.1,4,0,Leste
4425,35.85,69.7,4,0,Oeste
4426,31.33,82.8,2,0,Leste
4427,23.52,18.8,3,0,Sul
4428,22.76,19.3,2,0,Leste
4429,35.67,14.5,3,0,Leste
4430,22.43,51.3,5,0,Leste
4431,26.26,30.6,1,0,Leste
4432,24.96,180.9,3,0,Sul
4433,27.62,9.7,3,0,Leste
4434,24.14,16.5,4,1,Sul
4435,25.08,33.4,2,0,Sul
4436,39.33,56.4,2,0,Sul
4437,29.2,54.4,5,0,Leste
4438,28.06,35.4,6,0,Sul
4439,31.57,43.9,3,1,Norte
4440,16.05,36.4,2,0,Leste
4441,33.14,76.7,3,0,Sul
4442,27.42,21.2,4,0,Sul
4443,20.06,23.2,3,0,Sul
4444,24.23,57.5,5,0,Sul
4445,29.27,116.5,4,0,Leste
4446,25.69,19.9,4,1,Norte
4447,33.69,40.2,3,0,Oeste
4448,18.99,24.5,5,0,Leste
4449,16.0,51.6,5,0,Sul
4450,18.9,8.9,3,0,Sul
4451,21.72,25.1,3,0,Leste
4452,26.07,20.9,1,0,Leste
4453,22.35,25.2,2,0,Sul
4454,15.5,4.3,3,0,Sul
4455,14.18,167.3,2,0,Oeste
4456,14.77,4.5,5,0,Sul
4457,22.69,48.5,1,0,Sul
4458,18.51,11.8,3,0,Oeste
4459,21.93,12.2,3,0,Leste
4460,35.62,37.0,5,0,Sul
4461,15.64,57.6,2,0,Leste
4462,27.4,14.0,5,0,Norte
4463,15.52,13.6,3,1,Leste
4464,14.32,11.8,4,0,Leste
4465,27.97,39.3,3,0,Leste
4466,30.4,14.3,2,0,Oeste
4467,31.31,92.8,2,0,Oeste
4468,33.89,13.2,5,0,Oeste
4469,23.58,51.1,3,1,Leste
4470,27.2,113.9,2,0,Sul
4471,21.92,35.0,4,1,Leste
4472,35.34,7.9,4,1,Leste
4473,17.71,45.6,1,0,Oeste
4474,29.01,27.2,6,0,Sul
4475,16.48,32.0,1,0,Oeste
4476,25.88,117.8,6,0,Leste
4477,12.15,34.5,2,0,Oeste
4478,26.81,49.9,3,0,Oeste
4479,40.79,19.5,5,0,Sul
4480,20.53,26.5,2,0,Sul
4481,23.06,81.3,2,0,Sul
4482,31.93,36.9,3,0,Sul
4483,25.36,41.6,6,0,Leste
4484,34.78,73.8,4,0,Leste
4485,28.15,122.0,5,0,Oeste
4486,32.0,13.1,2,0,Leste
4487,9.18,22.3,2,0,Norte
4488,25.74,106.3,7,0,Sul
4489,16.14,163.0,2,0,Norte
4490,21.84,26.9,2,0,Sul
4491,28.46,41.1,3,0,Leste
4492,23.16,43.9,3,0,Norte
4493,18.73,39.9,3,0,Sul
4494,35.03,40.4,2,0,Sul
4495,33.06,98.7,7,0,Leste
4496,14.02,7.8,3,0,Leste
4497,31.1,19.6,2,0,Leste
4498,26.36,55.2,2,0,Leste
4499,26.89,22.3,5,0,Oeste
4500,37.44,41.6,3,0,Sul
4501,26.24,79.0,2,0,Leste
4502,30.71,119.1,1,0,Leste
4503,26.71,41.3,2,0,Leste
4504,26.76,109.0,2,0,Oeste
4505,17.6,37.1,3,0,Sul
4506,44.63,26.0,5,0,Leste
4507,0.4,9.6,2,0,Norte
4508,19.2,14.8,4,0,Leste
4509,21.09,33.2,3,0,Sul
4510,32.27,33.8,3,1,Sul
4511,13.71,39.8,5,0,Leste
4512,23.6,143.9,2,0,Leste
4513,31.3,60.4,2,0,Norte
4514,15.26,63.0,3,0,Leste
4515,23.9,142.9,3,0,Leste
4516,23.66,24.9,4,0,Sul
4517,20.22,22.0,2,0,Leste
4518,25.29,88.1,4,1,Leste
4519,21.6,48.8,2,0,Leste
4520,32.74,32.0,2,0,Sul
4521,29.24,31.5,4,0,Sul
4522,23.53,28.9,3,0,Leste
4523,25.53,30.5,6,1,Oeste
4524,21.89,33.0,1,0,Leste
4525,35.69,26.1,7,0,Norte
4526,28.62,51.6,2,0,Leste
4527,23.88,60.2,3,0,Oeste
4528,28.51,21.1,5,1,Norte
4529,40.11,68.2,4,0,Oeste
4530,19.52,12.0,4,0,Oeste
4531,32.08,49.6,2,0,Norte
4532,28.31,51.6,3,0,Oeste
4533,23.27,31.0,5,0,Sul
4534,19.16,34.7,1,0,Leste
4535,31.87,27.5,3,0,Leste
4536,27.33,22.1,3,0,Leste
4537,36.55,33.1,2,0,Leste
4538,34.34,21.4,2,0,Leste
4539,27.4,82.4,5,0,Norte
4540,19.22,6.2,4,0,Leste
4541,41.43,29.7,5,0,Sul
4542,20.05,7.2,3,0,Sul
4543,31.64,14.1,4,0,Sul
4544,10.83,20.9,3,0,Leste
4545,37.57,96.7,4,0,Sul
4546,8.73,83.3,4,0,Sul
4547,22.49,35.1,1,0,Sul
4548,16.5,34.9,2,0,Norte
4549,36.16,75.9,4,0,Leste
4550,19.06,81.9,3,0,Oeste
4551,29.23,20.9,2,1,Sul
4552,27.14,56.7,2,0,Oeste
4553,13.44,15.4,2,0,Leste
4554,33.23,24.3,3,1,Leste
4555,24.87,53.3,4,0,Leste
4556,37.06,19.6,2,0,Leste
4557,29.91,24.9,1,0,Sul
4558,18.92,8.8,2,0,Leste
4559,23.39,47.5,2,1,Leste
4560,23.16,16.3,2,1,Leste
4561,31.22,17.2,3,0,Leste
4562,30.96,97.9,2,0,Norte
4563,19.61,19.1,4,0,Leste
4564,32.58,60.5,1,0,Leste
4565,28.25,79.8,8,0,Sul
4566,30.36,69.0,3,1,Sul
4567,29.14,27.1,2,0,Leste
4568,31.63,23.5,4,0,Oeste
4569,17.54,15.9,2,0,Leste
4570,818.36,8.1,3,0,Leste
4571,33.06,61.4,1,0,Leste
4572,33.93,56.9,4,0,Sul
4573,33.91,48.5,3,0,Norte
4574,17.91,3.4,5,0,Norte
4575,41.63,28.7,1,0,Sul
4576,39.12,54.8,4,0,Sul
4577,18.08,92.7,2,0,Leste
4578,22.61,42.1,3,0,Leste
4579,30.48,38.7,2,1,Norte
4580,19.23,19.2,3,0,Sul
4581,29.65,44.8,4,1,Sul
4582,26.69,27.4,4,0,Leste
4583,35.31,18.5,5,0,Sul
4584,28.44,13.1,2,0,Sul
4585,8.76,15.5,3,0,Oeste
4586,31.9,42.9,3,1,Leste
4587,34.84,10.9,3,0,Sul
4588,24.5,26.2,2,0,Leste
4589,26.18,94.3,4,0,Sul
4590,26.21,10.5,3,0,Leste
4591,20.32,47.4,4,0,Leste
4592,44.76,51.3,2,0,Sul
4593,18.74,26.2,1,0,Leste
4594,32.42,54.5,2,0,Sul
4595,32.39,28.5,1,0,Sul
4596,21.34,62.6,4,0,Sul
4597,17.51,14.1,4,0,Leste
4598,24.15,150.1,2,0,Sul
4599,30.58,104.6,2,0,Sul
4600,27.45,5.6,2,0,Sul
4601,39.53,84.6,2,0,Norte
4602,20.3,20.9,3,0,Leste
4603,20.49,104.2,1,1,Sul
4604,32.05,74.2,2,0,Norte
4605,11.65,13.9,5,0,Leste
4606,20.5,52.5,2,1,Leste
4607,23.96,18.9,5,0,Leste
4608,24.89,50.9,2,0,Leste
4609,20.94,34.4,2,1,Sul
4610,10.41,18.5,2,0,Leste
4611,36.32,11.4,2,0,Leste
4612,35.9,39.8,2,0,Sul
4613,11.68,48.0,1,0,Oeste
4614,30.39,29.2,3,0,Sul
4615,23.92,17.8,1,0,Oeste
4616,29.48,22.5,4,0,Oeste
4617,27.24,13.8,2,0,Leste
4618,13.34,59.7,5,0,Oeste
4619,31.42,5.9,2,0,Leste
4620,20.58,70.9,3,0,Sul
4621,4.23,31.2,5,0,Leste
4622,26.59,50.3,1,0,Norte
4623,12.49,54.4,3,0,Sul
4624,34.16,36.4,3,0,Leste
4625,22.67,24.2,2,1,Sul
4626,25.63,80.2,4,0,Sul
4627,29.16,8.4,4,0,Leste
4628,25.84,93.8,3,0,Oeste
4629,20.27,13.5,5,0,Norte
4630,34.04,25.5,2,0,Sul
4631,24.13,104.1,3,0,Sul
4632,16.01,197.1,5,0,Leste
4633,27.84,38.3,2,0,Sul
4634,24.36,11.2,3,0,Leste
4635,24.82,65.6,1,0,Sul
4636,26.01,32.1,1,1,Sul
4637,25.45,14.2,3,0,Oeste
4638,36.66,39.5,4,0,Norte
4639,18.59,11.6,1,0,Leste
4640,8.35,38.7,6,0,Norte
4641,25.0,15.9,2,1,Leste
4642,31.65,6.9,6,0,Leste
4643,12.49,8.8,3,0,Sul
4644,27.92,20.4,6,0,Sul
4645,13.75,49.5,3,0,Sul
4646,31.75,90.3,3,0,Leste
4647,25.09,103.8,6,0,Leste
4648,17.96,9.9,1,0,Leste
4649,12.17,27.7,5,0,Leste
4650,42.45,20.3,3,0,Sul
4651,43.44,30.4,5,0,Sul
4652,16.37,102.3,2,0,Sul
4653,16.18,37.7,5,0,Sul
4654,25.63,66.3,4,0,Sul
4655,21.92,194.3,7,0,Leste
4656,22.39,9.5,2,0,Leste
4657,27.27,22.6,3,0,Oeste
4658,40.34,52.3,2,0,Sul
4659,35.9,41.0,2,0,Leste
4660,22.44,76.6,4,0,Leste
4661,30.78,24.4,4,0,Leste
4662,10.22,39.0,2,0,Sul
4663,26.09,18.1,3,0,Sul
4664,23.11,77.6,4,0,Norte
4665,32.71,34.2,6,0,Sul
4666,29.98,101.8,1,0,Leste
4667,27.47,102.4,2,0,Norte
4668,28.68,11.9,3,0,Sul
4669,21.53,115.8,6,0,Leste
4670,32.74,69.7,3,0,Leste
4671,28.68,29.2,2,0,Leste
4672,23.7,64.9,4,0,Leste
4673,25.79,22.1,2,0,Sul
4674,31.75,98.4,1,0,Sul
4675,32.51,35.9,3,0,Sul
4676,22.26,67.4,3,1,Leste
4677,17.85,20.0,3,0,Oeste
4678,21.35,41.5,2,1,Norte
4679,21.77,67.3,3,0,Leste
4680,25.99,42.4,4,0,Sul
4681,34.58,51.9,5,0,Leste
4682,21.24,18.0,2,0,Norte
4683,28.1,42.3,1,1,Sul
4684,23.53,18.1,4,0,Leste
4685,25.15,32.6,3,0,Leste
4686,1094.7,22.3,2,0,Leste
4687,34.61,28.1,2,0,Sul
4688,26.98,8.2,1,0,Sul
4689,4.35,33.8,4,0,Sul
4690,23.41,30.4,5,1,Leste
4691,37.55,9.9,3,0,Oeste
4692,34.14,43.5,3,0,Leste
4693,31.33,64.1,3,0,Sul
4694,34.43,42.6,5,0,Leste
4695,31.59,62.1,4,0,Leste
4696,34.28,21.7,3,0,Leste
4697,16.06,27.9,2,0,Sul
4698,24.52,35.1,1,0,Leste
4699,26.18,37.2,2,0,Leste
4700,25.43,5.1,3,1,Leste
4701,20.38,15.9,3,0,Leste
4702,26.17,73.8,4,0,Sul
4703,11.4,17.7,2,0,Leste
4704,28.63,27.2,1,0,Leste
4705,19.61,31.8,2,0,Sul
4706,7.59,11.3,4,0,Sul
4707,25.13,117.2,5,0,Norte
4708,37.38,32.3,1,0,Leste
4709,9.79,16.7,4,0,Sul
4710,23.06,55.6,9,0,Leste
4711,12.02,26.1,2,0,Sul
4712,27.06,34.7,2,0,Oeste
4713,31.97,102.2,2,0,Sul
4714,18.53,21.5,2,0,Sul
4715,21.61,82.6,2,0,Leste
4716,23.81,25.2,7,0,Leste
4717,34.92,35.0,3,0,Sul
4718,13.81,42.2,4,1,Sul
4719,21.37,25.1,4,0,Sul
4720,37.57,14.7,6,1,Leste
4721,19.18,47.6,3,0,Leste
4722,21.84,81.2,2,0,Leste
4723,26.44,54.7,2,0,Leste
4724,43.62,53.4,3,0,Leste
4725,16.06,23.0,3,0,Sul
4726,31.04,57.4,2,0,Oeste
4727,15.5,44.1,1,1,Leste
4728,16.94,66.0,1,0,Sul
4729,20.89,35.8,2,0,Sul
4730,28.72,53.4,3,0,Sul
4731,20.6,22.5,1,0,Sul
4732,26.06,57.8,3,0,Leste
4733,19.26,12.1,2,0,Leste
4734,25.65,25.3,2,1,Leste
4735,14.62,19.0,3,0,Leste
4736,14.82,547.1,4,0,Leste
4737,20.89,55.8,4,0,Leste
4738,29.89,13.9,1,0,Norte
4739,26.55,11.1,5,0,Sul
4740,18.81,8.2,3,0,Leste
4741,15.95,13.3,4,0,Norte
4742,33.27,16.8,3,0,Norte
4743,35.91,15.2,4,0,Oeste
4744,29.06,22.8,4,1,Leste
4745,27.84,64.6,1,0,Sul
4746,7.9,28.2,1,0,Leste
4747,29.75,58.6,2,0,Leste
4748,37.71,14.1,4,0,Sul
4749,33.58,24.4,3,0,Norte
4750,33.14,15.6,4,0,Oeste
4751,11.76,47.2,1,0,Sul
4752,19.37,28.6,5,0,Sul
4753,23.84,136.8,2,0,Leste
4754,19.31,19.4,2,0,Leste
4755,15.72,14.4,6,0,Sul
4756,28.35,42.0,5,0,Sul
4757,32.97,28.8,1,0,Sul
4758,13.83,49.5,3,0,Oeste
4759,33.3,31.5,4,0,Sul
4760,26.79,29.6,2,1,Leste
4761,37.98,19.4,2,0,Oeste
4762,31.36,26.7,4,1,Sul
4763,26.04,9.7,4,0,Oeste
4764,26.1,86.3,3,0,Oeste
4765,25.02,91.4,1,0,Oeste
4766,39.55,70.1,4,1,Sul
4767,29.9,23.0,1,0,Leste
4768,22.06,20.0,2,0,Leste
4769,29.55,49.4,5,0,Oeste
4770,28.73,15.5,3,0,Sul
4771,21.62,82.2,4,0,Leste
4772,18.44,4.9,1,0,Sul
4773,34.46,23.1,2,0,Sul
4774,22.9,14.1,4,0,Leste
4775,22.45,89.8,2,0,Leste
4776,29.65,78.2,1,0,Leste
4777,20.86,52.0,2,0,Leste
4778,26.83,153.3,3,0,Oeste
4779,21.96,33.4,3,0,Sul
4780,4.37,54.9,4,0,Leste
4781,28.09,9.2,4,0,Sul
4782,27.09,25.6,4,0,Sul
4783,27.83,36.2,4,0,Leste
4784,8.4,15.9,4,0,Oeste
4785,14.19,40.6,4,0,Leste
4786,34.3,6.9,4,0,Leste
4787,25.59,49.4,2,0,Norte
4788,9.85,23.4,3,1,Sul
4789,25.68,17.6,4,0,Leste
4790,12.44,60.0,1,0,Norte
4791,20.41,106.8,2,0,Sul
4792,27.03,67.6,2,1,Leste
4793,27.04,17.3,4,0,Norte
4794,33.05,56.5,3,0,Sul
4795,28.72,27.0,4,0,Leste
4796,29.23,81.7,2,0,Leste
4797,21.95,39.5,4,0,Oeste
4798,18.2,10.2,1,0,Leste
4799,25.39,27.3,2,0,Leste
4800,33.16,17.1,2,0,Oeste
4801,31.61,17.8,2,0,Leste
4802,23.39,25.5,2,0,Sul
4803,24.52,41.2,3,1,Sul
4804,17.78,68.5,1,0,Leste
4805,34.2,21.8,6,0,Leste
4806,1399.26,87.4,3,0,Leste
4807,28.51,8.5,2,0,Leste
4808,11.91,16.9,4,1,Leste
4809,30.39,170.5,4,0,Oeste
4810,38.24,13.3,5,0,Leste
4811,16.05,90.1,2,0,Sul
4812,31.77,32.4,5,0,Leste
4813,23.5,31.3,3,0,Sul
4814,34.95,70.0,2,0,Leste
4815,15.74,62.6,4,0,Oeste
4816,21.53,96.3,7,1,Leste
4817,12.46,27.2,5,1,Leste
4818,27.72,37.1,3,0,Leste
4819,29.42,27.1,1,1,Sul
4820,27.75,13.6,4,0,Sul
4821,20.87,38.0,3,0,Leste
4822,21.48,29.0,3,0,Leste
4823,22.38,7.4,4,0,Leste
4824,32.08,80.4,2,0,Sul
4825,13.38,37.3,2,0,Leste
4826,555.31,18.9,2,0,Leste
4827,13.22,43.2,5,0,Leste
4828,21.73,21.8,2,0,Leste
4829,24.89,38.9,4,0,Leste
4830,41.8,100.5,5,0,Leste
4831,19.66,45.6,2,0,Leste
4832,33.22,22.4,3,0,Oeste
4833,11.32,14.5,2,0,Sul
4834,25.32,18.7,3,0,Oeste
4835,25.3,63.4,2,0,Sul
4836,30.96,31.7,3,0,Norte
4837,20.63,51.8,4,0,Oeste
4838,18.72,26.5,1,0,Sul
4839,8.36,15.7,2,0,Leste
4840,27.65,53.5,1,0,Leste
4841,19.86,17.3,5,1,Oeste
4842,33.2,23.9,4,1,Oeste
4843,29.09,12.4,2,0,Sul
4844,34.48,15.7,3,0,Leste
4845,18.01,67.8,2,0,Sul
4846,26.64,76.6,3,0,Leste
4847,26.52,79.3,7,1,Leste
4848,21.03,79.5,7,0,Sul
4849,34.84,24.9,3,0,Leste
4850,31.25,56.4,3,0,Leste
4851,41.25,76.9,4,1,Leste
4852,30.56,16.5,3,0,Oeste
4853,39.95,38.7,1,0,Norte
4854,39.77,29.9,3,0,Leste
4855,21.07,7.4,3,0,Oeste
4856,13.24,43.0,3,0,Leste
4857,38.49,18.7,5,0,Norte
4858,30.55,76.8,5,1,Leste
4859,29.17,18.0,3,1,Sul
4860,21.41,43.1,1,1,Sul
4861,28.18,36.2,3,0,Leste
4862,33.14,8.3,1,0,Leste
4863,30.27,25.6,4,0,Oeste
4864,20.09,44.1,3,0,Leste
4865,37.34,75.1,2,0,Leste
4866,26.0,33.6,3,0,Norte
4867,30.43,68.4,4,0,Leste
4868,31.72,50.9,4,0,Sul
4869,42.05,52.3,4,0,Oeste
4870,28.32,54.2,2,0,Sul
4871,24.58,26.6,3,0,Sul
4872,40.31,15.0,2,0,Leste
4873,33.86,116.3,3,0,Sul
4874,27.45,61.2,3,0,Sul
4875,26.94,31.4,2,0,Leste
4876,9.32,54.3,5,0,Norte
4877,24.3,45.5,2,0,Norte
4878,13.78,16.7,3,0,Sul
4879,3.64,25.3,1,0,Leste
4880,20.23,95.7,1,0,Leste
4881,13.95,33.0,3,0,Leste
4882,22.16,44.7,1,0,Leste
4883,27.46,90.7,5,0,Sul
4884,29.07,32.9,3,0,Oeste
4885,24.13,15.7,1,0,Norte
4886,14.69,36.3,1,1,Leste
4887,24.03,21.2,6,0,Oeste
4888,16.47,10.9,3,0,Leste
4889,36.23,63.0,2,0,Sul
4890,23.82,27.0,3,0,Sul
4891,15.89,3.0,2,0,Leste
4892,16.59,40.6,3,0,Norte
4893,25.06,41.0,2,0,Leste
4894,25.47,157.7,4,0,Leste
4895,23.45,33.0,1,0,Leste
4896,32.95,77.8,1,0,Sul
4897,17.31,55.5,2,0,Leste
4898,33.03,20.7,4,0,Leste
4899,24.25,43.8,4,0,Leste
4900,31.9,29.0,3,1,Norte
4901,20.0,19.1,3,0,Norte
4902,31.22,21.9,4,0,Sul
4903,18.54,19.7,4,0,Sul
4904,38.18,32.9,3,0,Leste
4905,24.36,33.0,2,1,Oeste
4906,21.55,21.3,2,0,Sul
4907,15.61,28.0,2,1,Leste
4908,26.35,7.4,2,0,Norte
4909,23.81,14.8,1,0,Sul
4910,14.3,26.2,4,0,Norte
4911,19.11,126.1,3,1,Sul
4912,881.33,55.0,4,0,Oeste
4913,15.96,15.2,4,0,Norte
4914,24.02,120.5,3,0,Leste
4915,27.83,33.1,5,0,Leste
4916,22.41,13.4,1,1,Oeste
4917,28.77,31.1,1,0,Sul
4918,17.33,72.8,4,0,Sul
4919,28.55,13.4,2,0,Norte
4920,24.38,14.5,2,0,Leste
4921,23.35,140.5,4,1,Sul
4922,24.97,42.0,1,0,Oeste
4923,20.21,22.7,6,0,Leste
4924,12.72,30.4,2,1,Leste
4925,16.64,41.6,2,0,Leste
4926,13.71,28.4,4,0,Norte
4927,23.18,97.5,3,0,Leste
4928,30.46,35.8,5,0,Oeste
4929,36.87,56.3,6,0,Leste
4930,21.31,35.4,1,1,Oeste
4931,23.71,32.1,1,0,Leste
4932,40.06,67.7,2,0,Sul
4933,21.78,68.8,2,1,Sul
4934,19.99,9.0,4,0,Norte
4935,23.96,32.6,3,0,Sul
4936,21.6,170.7,4,0,Sul
4937,19.57,23.2,1,1,Leste
4938,13.74,47.6,3,0,Leste
4939,37.74,89.8,3,0,Oeste
4940,29.41,13.6,4,0,Leste
4941,37.93,24.6,3,0,Oeste
4942,32.64,9.4,4,0,Norte
4943,25.12,36.0,6,0,Norte
4944,11.64,45.1,5,0,Leste
4945,17.73,55.4,4,0,Sul
4946,22.21,116.6,2,1,Sul
4947,17.29,34.8,2,0,Sul
4948,10.44,13.2,4,0,Sul
4949,1159.93,16.4,3,0,Leste
4950,23.45,18.0,3,0,Leste
4951,37.72,39.1,3,0,Leste
4952,19.62,217.0,3,0,Leste
4953,30.24,31.3,2,0,Sul
4954,17.19,99.4,2,0,Sul
4955,23.2,30.2,3,0,Sul
4956,24.72,13.1,5,0,Sul
4957,37.8,17.2,4,0,Leste
4958,3.64,18.5,1,0,Leste
4959,18.51,30.0,5,0,Leste
4960,26.98,45.8,2,0,Sul
4961,28.34,19.6,4,0,Leste
4962,15.58,62.3,4,0,Leste
4963,1245.52,76.5,2,0,Leste
4964,25.1,26.8,3,0,Leste
4965,36.77,69.0,5,0,Leste
4966,26.67,7.0,5,0,Leste
4967,23.87,5.0,3,1,Leste
4968,19.37,64.5,1,0,Sul
4969,29.86,23.6,4,1,Leste
4970,22.96,193.0,2,0,Sul
4971,20.47,30.7,2,0,Norte
4972,17.16,14.9,1,1,Oeste
4973,22.62,127.7,6,0,Oeste
4974,30.59,56.0,5,0,Norte
4975,20.9,114.3,4,0,Leste
4976,25.28,20.7,5,0,Sul
4977,20.54,44.3,2,0,Leste
4978,26.36,16.4,2,0,Leste
4979,25.67,8.2,4,0,Oeste
4980,18.7,60.0,3,0,Leste
4981,31.65,23.0,2,1,Sul
4982,13.35,14.9,3,0,Leste
4983,34.08,10.9,3,0,Sul
4984,27.63,38.3,3,0,Oeste
4985,29.7,34.9,1,0,Oeste
4986,11.79,22.5,4,0,Leste
4987,24.59,19.3,5,0,Sul
4988,1058.67,61.1,6,0,Sul
4989,23.84,4.5,2,0,Norte
4990,26.04,54.9,4,0,Leste
4991,15.85,48.0,2,1,Leste
4992,13.49,12.4,4,0,Sul
4993,26.84,7.0,2,0,Leste
4994,19.58,53.0,2,0,Leste
4995,20.57,12.9,2,0,Sul
4996,25.51,116.6,4,1,Oeste
4997,30.49,180.3,4,0,Oeste
4998,29.21,46.6,2,0,Oeste
4999,25.8,30.5,3,0,Sul
5000,32.1,27.8,3,0,Sul
